qubits,deepth,seed,ratio,measurement,basis,result,time
5,10,0,0.1,allzero,comp,0.031250000000000004272380411038702,0.007164478302001953
5,10,0,0.1,allzero,pauli,0.03125,0.0022428035736083984
5,10,0,0.2,allzero,comp,0.0053616523516815597125715153879564,0.006902217864990234
5,10,0,0.2,allzero,pauli,0.0053616523516815594793682997476481,0.0026047229766845703
5,10,0,0.3,allzero,comp,0.16004126073623881313730787112371,0.006592512130737305
5,10,0,0.3,allzero,pauli,0.16004126073623883841356985158200,0.0025861263275146484
5,10,0,0.4,allzero,comp,0.16004126073623881313730787112371,0.0064122676849365234
5,10,0,0.4,allzero,pauli,0.16004126073623883841356985158200,0.0023818016052246094
5,10,0,0.5,allzero,comp,0.18213834764831842717367860262183,0.006958723068237305
5,10,0,0.5,allzero,pauli,0.18213834764831843271437605835672,0.002716541290283203
5,10,0,0.6,allzero,comp,0.1250,0.006836414337158203
5,10,0,0.6,allzero,pauli,0.12500,0.00616455078125
5,10,0,0.7,allzero,comp,0,0.006635904312133789
5,10,0,0.7,allzero,pauli,0.00000,0.006326198577880859
5,10,0,0.8,allzero,comp,0,0.006608009338378906
5,10,0,0.8,allzero,pauli,0.00000,0.0064351558685302734
5,10,0,0.9,allzero,comp,0.073223304703363118156825986079722,0.002612590789794922
5,10,0,0.9,allzero,pauli,0.073223304703363120693460075472103,0.006747722625732422
5,10,1,0.1,allzero,comp,0,0.006650209426879883
5,10,1,0.1,allzero,pauli,0.00000,0.0022478103637695312
5,10,1,0.2,allzero,comp,0.031250,0.006390810012817383
5,10,1,0.2,allzero,pauli,0.03125,0.002109527587890625
5,10,1,0.3,allzero,comp,0.0091529130879203909962379816066646,0.006496906280517578
5,10,1,0.3,allzero,pauli,0.0091529130879203900866825094340129,0.002448558807373047
5,10,1,0.4,allzero,comp,0.036611652351681563984951926426658,0.006186008453369141
5,10,1,0.4,allzero,pauli,0.036611652351681560346730037736052,0.002345561981201172
5,10,1,0.5,allzero,comp,0.1250,0.0066525936126708984
5,10,1,0.5,allzero,pauli,0.12500,0.0022780895233154297
5,10,1,0.6,allzero,comp,0.062500000000000008544760822077404,0.006705522537231445
5,10,1,0.6,allzero,pauli,0.06250,0.0022840499877929688
5,10,1,0.7,allzero,comp,0.1250,0.0024864673614501953
5,10,1,0.7,allzero,pauli,0.12500,0.0021734237670898438
5,10,1,0.8,allzero,comp,0.0625,0.002420186996459961
5,10,1,0.8,allzero,pauli,0.06250,0.0023298263549804688
5,10,1,0.9,allzero,comp,0.25,0.002778768539428711
5,10,1,0.9,allzero,pauli,0.25000,0.002332448959350586
5,10,2,0.1,allzero,comp,0.031250,0.007482290267944336
5,10,2,0.1,allzero,pauli,0.03125,0.002706289291381836
5,10,2,0.2,allzero,comp,0.018305826175840779539206496519931,0.007003307342529297
5,10,2,0.2,allzero,pauli,0.018305826175840780173365018868026,0.0024466514587402344
5,10,2,0.3,allzero,comp,0.10669417382415921081649057344347,0.007062196731567383
5,10,2,0.3,allzero,pauli,0.10669417382415921635718802917836,0.006186246871948242
5,10,2,0.4,allzero,comp,0,0.006789684295654297
5,10,2,0.4,allzero,pauli,0.00000,0.002435445785522461
5,10,2,0.5,allzero,comp,0.053347086912079607861514753415132,0.0064890384674072266
5,10,2,0.5,allzero,pauli,0.053347086912079608178594014589180,0.0024857521057128906
5,10,2,0.6,allzero,comp,0.10669417382415921081649057344347,0.002561807632446289
5,10,2,0.6,allzero,pauli,0.10669417382415921635718802917836,0.0061647891998291016
5,10,2,0.7,allzero,comp,0.0625,0.0025322437286376953
5,10,2,0.7,allzero,pauli,0.06250,0.00228118896484375
5,10,2,0.8,allzero,comp,0.0625,0.002583026885986328
5,10,2,0.8,allzero,pauli,0.06250,0.0021393299102783203
5,10,2,0.9,allzero,comp,0.0625,0.0024194717407226562
5,10,2,0.9,allzero,pauli,0.06250,0.0021772384643554688
5,10,3,0.1,allzero,comp,0.0625,0.00742030143737793
5,10,3,0.1,allzero,pauli,0.06250,0.002701282501220703
5,10,3,0.2,allzero,comp,0.0625,0.006738424301147461
5,10,3,0.2,allzero,pauli,0.06250,0.002969503402709961
5,10,3,0.3,allzero,comp,0.10669417382415921081649057344347,0.006802797317504883
5,10,3,0.3,allzero,pauli,0.10669417382415921635718802917836,0.002185821533203125
5,10,3,0.4,allzero,comp,0.21338834764831843144605901366053,0.006811857223510742
5,10,3,0.4,allzero,pauli,0.21338834764831843271437605835672,0.0024309158325195312
5,10,3,0.5,allzero,comp,0.093750000000000004272380411038702,0.006387948989868164
5,10,3,0.5,allzero,pauli,0.09375,0.0023872852325439453
5,10,3,0.6,allzero,comp,0.031250000000000004272380411038702,0.006689310073852539
5,10,3,0.6,allzero,pauli,0.03125,0.0026416778564453125
5,10,3,0.7,allzero,comp,0.031250000000000004272380411038702,0.006754875183105469
5,10,3,0.7,allzero,pauli,0.03125,0.002486705780029297
5,10,3,0.8,allzero,comp,0.85355339059327372578423605464212,0.002789020538330078
5,10,3,0.8,allzero,pauli,0.85355339059327373085750423342688,0.002562999725341797
5,10,3,0.9,allzero,comp,0.50000000000000006835808657661923,0.0024154186248779297
5,10,3,0.9,allzero,pauli,0.50000,0.002254962921142578
5,10,4,0.1,allzero,comp,0.062500000000000008544760822077404,0.008136749267578125
5,10,4,0.1,allzero,pauli,0.06250,0.0026292800903320312
5,10,4,0.2,allzero,comp,0.18213834764831842163298114688694,0.007225990295410156
5,10,4,0.2,allzero,pauli,0.18213834764831843271437605835672,0.0027511119842529297
5,10,4,0.3,allzero,comp,0.031250000000000004272380411038702,0.0070040225982666016
5,10,4,0.3,allzero,pauli,0.03125,0.0056803226470947266
5,10,4,0.4,allzero,comp,0.00781250,0.006592988967895508
5,10,4,0.4,allzero,pauli,0.0078125,0.0024156570434570312
5,10,4,0.5,allzero,comp,0.046874999999999996721562529502446,0.0066699981689453125
5,10,4,0.5,allzero,pauli,0.046875,0.002324819564819336
5,10,4,0.6,allzero,comp,0,0.0027494430541992188
5,10,4,0.6,allzero,pauli,0.00000,0.002286195755004883
5,10,4,0.7,allzero,comp,0,0.002775430679321289
5,10,4,0.7,allzero,pauli,0.00000,0.0032706260681152344
5,10,4,0.8,allzero,comp,0,0.002624034881591797
5,10,4,0.8,allzero,pauli,0.00000,0.002277851104736328
5,10,4,0.9,allzero,comp,0.25,0.002574920654296875
5,10,4,0.9,allzero,pauli,0.25000,0.0024585723876953125
5,10,5,0.1,allzero,comp,0.0091529130879203909962379816066646,0.00704503059387207
5,10,5,0.1,allzero,pauli,0.0091529130879203900866825094340129,0.0021669864654541016
5,10,5,0.2,allzero,comp,0.0091529130879203909962379816066646,0.00731968879699707
5,10,5,0.2,allzero,pauli,0.0091529130879203900866825094340129,0.002145051956176758
5,10,5,0.3,allzero,comp,0.015625000000000000000000000000000,0.007151603698730469
5,10,5,0.3,allzero,pauli,0.015625,0.0021789073944091797
5,10,5,0.4,allzero,comp,0.013336771728019901965378688353783,0.006797075271606445
5,10,5,0.4,allzero,pauli,0.013336771728019902044648503647295,0.0025665760040283203
5,10,5,0.5,allzero,comp,0.15546480419227862169920723139352,0.006812334060668945
5,10,5,0.5,allzero,pauli,0.15546480419227862168618514715490,0.002554178237915039
5,10,5,0.6,allzero,comp,0.031250000000000004272380411038702,0.006685972213745117
5,10,5,0.6,allzero,pauli,0.03125,0.002173900604248047
5,10,5,0.7,allzero,comp,0.0625,0.006574153900146484
5,10,5,0.7,allzero,pauli,0.06250,0.0024116039276123047
5,10,5,0.8,allzero,comp,0.0625,0.0065076351165771484
5,10,5,0.8,allzero,pauli,0.06250,0.0027642250061035156
5,10,5,0.9,allzero,comp,0.25,0.0024268627166748047
5,10,5,0.9,allzero,pauli,0.25000,0.002352476119995117
5,10,6,0.1,allzero,comp,0.0091529130879203909962379816066646,0.006894588470458984
5,10,6,0.1,allzero,pauli,0.0091529130879203900866825094340129,0.0023262500762939453
5,10,6,0.2,allzero,comp,0.018305826175840779539206496519931,0.006910562515258789
5,10,6,0.2,allzero,pauli,0.018305826175840780173365018868026,0.0028090476989746094
5,10,6,0.3,allzero,comp,0,0.006703615188598633
5,10,6,0.3,allzero,pauli,0.00000,0.006390810012817383
5,10,6,0.4,allzero,comp,0,0.006566524505615234
5,10,6,0.4,allzero,pauli,0.00000,0.0061283111572265625
5,10,6,0.5,allzero,comp,0.053347086912079607861514753415132,0.002486705780029297
5,10,6,0.5,allzero,pauli,0.053347086912079608178594014589180,0.002064228057861328
5,10,6,0.6,allzero,comp,0.053347086912079607861514753415132,0.0025370121002197266
5,10,6,0.6,allzero,pauli,0.053347086912079608178594014589180,0.0020749568939208984
5,10,6,0.7,allzero,comp,0.21338834764831843144605901366053,0.0025167465209960938
5,10,6,0.7,allzero,pauli,0.21338834764831843271437605835672,0.002165079116821289
5,10,6,0.8,allzero,comp,0.12500000000000001708952164415481,0.0024781227111816406
5,10,6,0.8,allzero,pauli,0.12500,0.0021827220916748047
5,10,6,0.9,allzero,comp,0.50000000000000006835808657661923,0.0026497840881347656
5,10,6,0.9,allzero,pauli,0.50000,0.0024216175079345703
5,10,7,0.1,allzero,comp,0.0625,0.0074310302734375
5,10,7,0.1,allzero,pauli,0.06250,0.0025827884674072266
5,10,7,0.2,allzero,comp,0.018305826175840779539206496519931,0.006920576095581055
5,10,7,0.2,allzero,pauli,0.018305826175840780173365018868026,0.0021805763244628906
5,10,7,0.3,allzero,comp,0.0091529130879203909962379816066646,0.006898164749145508
5,10,7,0.3,allzero,pauli,0.0091529130879203900866825094340129,0.0022814273834228516
5,10,7,0.4,allzero,comp,0.062500000000000000000000000000000,0.006642818450927734
5,10,7,0.4,allzero,pauli,0.06250,0.006325483322143555
5,10,7,0.5,allzero,comp,0.031250,0.006894350051879883
5,10,7,0.5,allzero,pauli,0.03125,0.006209611892700195
5,10,7,0.6,allzero,comp,0.026673543456039802704122643360867,0.007302999496459961
5,10,7,0.6,allzero,pauli,0.026673543456039804089297007294590,0.0027620792388916016
5,10,7,0.7,allzero,comp,0.10669417382415921081649057344347,0.00663447380065918
5,10,7,0.7,allzero,pauli,0.10669417382415921635718802917836,0.005613088607788086
5,10,7,0.8,allzero,comp,0.0091529130879203909962379816066646,0.006916046142578125
5,10,7,0.8,allzero,pauli,0.0091529130879203900866825094340129,0.0067446231842041016
5,10,7,0.9,allzero,comp,0,0.002474069595336914
5,10,7,0.9,allzero,pauli,0.00000,0.00605010986328125
5,10,8,0.1,allzero,comp,0.1250,0.007230281829833984
5,10,8,0.1,allzero,pauli,0.12500,0.0022437572479248047
5,10,8,0.2,allzero,comp,0.062500000000000008544760822077404,0.0070154666900634766
5,10,8,0.2,allzero,pauli,0.06250,0.0021605491638183594
5,10,8,0.3,allzero,comp,0.053347086912079607861514753415132,0.0075953006744384766
5,10,8,0.3,allzero,pauli,0.053347086912079608178594014589180,0.002335786819458008
5,10,8,0.4,allzero,comp,0,0.007168769836425781
5,10,8,0.4,allzero,pauli,0.00000,0.0021843910217285156
5,10,8,0.5,allzero,comp,0,0.006513833999633789
5,10,8,0.5,allzero,pauli,0.00000,0.002633810043334961
5,10,8,0.6,allzero,comp,0.091069173824159210816490573443468,0.0067098140716552734
5,10,8,0.6,allzero,pauli,0.091069173824159216357188029178360,0.0026023387908935547
5,10,8,0.7,allzero,comp,0.18213834764831842717367860262183,0.0026559829711914062
5,10,8,0.7,allzero,pauli,0.18213834764831843271437605835672,0.0024666786193847656
5,10,8,0.8,allzero,comp,0.10669417382415921081649057344347,0.0025353431701660156
5,10,8,0.8,allzero,pauli,0.10669417382415921635718802917836,0.0063397884368896484
5,10,8,0.9,allzero,comp,0.12500000000000001708952164415481,0.002417325973510742
5,10,8,0.9,allzero,pauli,0.12500,0.002330780029296875
5,10,9,0.1,allzero,comp,0,0.006809234619140625
5,10,9,0.1,allzero,pauli,0.00000,0.002184152603149414
5,10,9,0.2,allzero,comp,0.031250000000000004272380411038702,0.006822347640991211
5,10,9,0.2,allzero,pauli,0.03125,0.0022270679473876953
5,10,9,0.3,allzero,comp,0.0625,0.006299018859863281
5,10,9,0.3,allzero,pauli,0.06250,0.0022339820861816406
5,10,9,0.4,allzero,comp,0.0625,0.006310224533081055
5,10,9,0.4,allzero,pauli,0.06250,0.0022835731506347656
5,10,9,0.5,allzero,comp,0.0625,0.0062944889068603516
5,10,9,0.5,allzero,pauli,0.06250,0.002170085906982422
5,10,9,0.6,allzero,comp,0.10669417382415921081649057344347,0.0025327205657958984
5,10,9,0.6,allzero,pauli,0.10669417382415921635718802917836,0.0023407936096191406
5,10,9,0.7,allzero,comp,0.21338834764831843144605901366053,0.002470731735229492
5,10,9,0.7,allzero,pauli,0.21338834764831843271437605835672,0.0022602081298828125
5,10,9,0.8,allzero,comp,0.50000000000000006835808657661923,0.0025005340576171875
5,10,9,0.8,allzero,pauli,0.50000,0.002595663070678711
5,10,9,0.9,allzero,comp,0.50000000000000006835808657661923,0.0024728775024414062
5,10,9,0.9,allzero,pauli,0.50000,0.002249479293823242
5,10,10,0.1,allzero,comp,0.031250000000000004272380411038702,0.007054328918457031
5,10,10,0.1,allzero,pauli,0.03125,0.0021615028381347656
5,10,10,0.2,allzero,comp,0,0.006865262985229492
5,10,10,0.2,allzero,pauli,0.00000,0.002435922622680664
5,10,10,0.3,allzero,comp,0.0091529130879203909962379816066646,0.007063627243041992
5,10,10,0.3,allzero,pauli,0.0091529130879203900866825094340129,0.002736330032348633
5,10,10,0.4,allzero,comp,0.031250000000000004272380411038702,0.006908893585205078
5,10,10,0.4,allzero,pauli,0.03125,0.006695985794067383
5,10,10,0.5,allzero,comp,0.031250,0.006622314453125
5,10,10,0.5,allzero,pauli,0.03125,0.006491661071777344
5,10,10,0.6,allzero,comp,0.0026808261758407798562857576939782,0.0064504146575927734
5,10,10,0.6,allzero,pauli,0.0026808261758407797396841498738240,0.0063018798828125
5,10,10,0.7,allzero,comp,0.031250000000000004272380411038702,0.006403446197509766
5,10,10,0.7,allzero,pauli,0.03125,0.002275705337524414
5,10,10,0.8,allzero,comp,0.21338834764831843144605901366053,0.0026662349700927734
5,10,10,0.8,allzero,pauli,0.21338834764831843271437605835672,0.0064814090728759766
5,10,10,0.9,allzero,comp,0.50000000000000006835808657661923,0.0027091503143310547
5,10,10,0.9,allzero,pauli,0.50000,0.002441883087158203
5,50,0,0.1,allzero,comp,0.021136131134962681012945694775538,0.015362024307250977
5,50,0,0.1,allzero,pauli,0.021136131134962682365241448678717,0.041138410568237305
5,50,0,0.2,allzero,comp,0.011146692932004974645428148453247,0.013817310333251953
5,50,0,0.2,allzero,pauli,0.011146692932004976378523863900227,0.03770279884338379
5,50,0,0.3,allzero,comp,0.039290060750564361366297613087327,0.013627290725708008
5,50,0,0.3,allzero,pauli,0.039290060750564362312964306056529,0.05933570861816406
5,50,0,0.4,allzero,comp,0.076092128550778293764698692054355,0.012784004211425781
5,50,0,0.4,allzero,pauli,0.076092128550778292961354054568801,0.0826418399810791
5,50,0,0.5,allzero,comp,0.015124450065504351948196437190132,0.012242555618286133
5,50,0,0.5,allzero,pauli,0.015124450065504353030165773930094,0.12189674377441406
5,50,0,0.6,allzero,comp,0.025042381134962681389930361428563,0.0106964111328125
5,50,0,0.6,allzero,pauli,0.025042381134962682365241448678717,0.1017606258392334
5,50,0,0.7,allzero,comp,0.031250,0.009759187698364258
5,50,0,0.7,allzero,pauli,0.03125,0.024806737899780273
5,50,0,0.8,allzero,comp,0.035826456543960192156646630446785,0.008742570877075195
5,50,0,0.8,allzero,pauli,0.035826456543960195910702992705410,0.024806737899780273
5,50,0,0.9,allzero,comp,0.018305826175840779539206496519931,0.008344888687133789
5,50,0,0.9,allzero,pauli,0.018305826175840780173365018868026,0.009439706802368164
5,50,1,0.1,allzero,comp,0.011441141359900488259002295992508,0.017024517059326172
5,50,1,0.1,allzero,pauli,0.011441141359900488042034005786718,0.02098250389099121
5,50,1,0.2,allzero,comp,0.026101486388044781616813549777831,0.01725172996520996
5,50,1,0.2,allzero,pauli,0.026101486388044780467820871194817,0.02570509910583496
5,50,1,0.3,allzero,comp,0.039849950377054735678672861529816,0.016694068908691406
5,50,1,0.3,allzero,pauli,0.039849950377054729755421647041658,0.06383156776428223
5,50,1,0.4,allzero,comp,0.014199067276961438080484144349826,0.0148468017578125
5,50,1,0.4,allzero,pauli,0.014199067276961439137972220692063,0.04647707939147949
5,50,1,0.5,allzero,comp,0.023584724213947758023932295286622,0.013619184494018555
5,50,1,0.5,allzero,pauli,0.023584724213947756699116808931649,0.048925161361694336
5,50,1,0.6,allzero,comp,0.034469925980946512102746243764776,0.012749910354614258
5,50,1,0.6,allzero,pauli,0.034469925980946510002400628991381,0.0656287670135498
5,50,1,0.7,allzero,comp,0.028112106019925361494914515634414,0.011716127395629883
5,50,1,0.7,allzero,pauli,0.028112106019925364730482897357433,0.03259611129760742
5,50,1,0.8,allzero,comp,0.029114949706039803809759360233639,0.01160287857055664
5,50,1,0.8,allzero,pauli,0.029114949706039804089297007294590,0.0844721794128418
5,50,1,0.9,allzero,comp,0.00067020654396019496407143942349454,0.01003885269165039
5,50,1,0.9,allzero,pauli,0.00067020654396019493492103746845601,0.02528238296508789
5,50,2,0.1,allzero,comp,0.064591929320049760455352293976268,0.016863346099853516
5,50,2,0.1,allzero,pauli,0.064591929320049756846344735095045,0.019774198532104492
5,50,2,0.2,allzero,comp,0.0044783070679950235913483502152176,0.016577720642089844
5,50,2,0.2,allzero,pauli,0.0044783070679950244888378740881762,0.01697850227355957
5,50,2,0.3,allzero,comp,0.041301653533997508745220826365430,0.015132904052734375
5,50,2,0.3,allzero,pauli,0.041301653533997513545461544026693,0.016134262084960938
5,50,2,0.4,allzero,comp,0.022730848558904216304450495596825,0.014000654220581055
5,50,2,0.4,allzero,pauli,0.022730848558904219458565165723485,0.03674817085266113
5,50,2,0.5,allzero,comp,0.037060300262017419364690754182525,0.013274192810058594
5,50,2,0.5,allzero,pauli,0.037060300262017412120663095720374,0.037554264068603516
5,50,2,0.6,allzero,comp,0.084680862730074646076146974773758,0.012208700180053711
5,50,2,0.6,allzero,pauli,0.084680862730074635269517102642567,0.06394362449645996
5,50,2,0.7,allzero,comp,0.012156212694894267768918643660080,0.011794567108154297
5,50,2,0.7,allzero,pauli,0.012156212694894268436240913899837,0.08730387687683105
5,50,2,0.8,allzero,comp,0.0071997880879203904492110258519618,0.010054349899291992
5,50,2,0.8,allzero,pauli,0.0071997880879203900866825094340129,0.05436444282531738
5,50,2,0.9,allzero,comp,0.045534586912079605408245286721734,0.00850987434387207
5,50,2,0.9,allzero,pauli,0.045534586912079608178594014589180,0.014045953750610352
5,50,3,0.1,allzero,comp,0.026673543456039802704122643360867,0.014383077621459961
5,50,3,0.1,allzero,pauli,0.026673543456039804089297007294590,0.018928050994873047
5,50,3,0.2,allzero,comp,0.040010315184059703284326967780927,0.013400554656982422
5,50,3,0.2,allzero,pauli,0.040010315184059709603392462895499,0.02730107307434082
5,50,3,0.3,allzero,comp,0.0022759595874844513429776959927694,0.013059854507446289
5,50,3,0.3,allzero,pauli,0.0022759595874844509855172702827986,0.04721951484680176
5,50,3,0.4,allzero,comp,0.011691235748972633107621113308956,0.012588262557983398
5,50,3,0.4,allzero,pauli,0.011691235748972633387565700502364,0.05450558662414551
5,50,3,0.5,allzero,comp,0.016290996597011194394060741333779,0.012857198715209961
5,50,3,0.5,allzero,pauli,0.016290996597011195984316955787108,0.07555460929870605
5,50,3,0.6,allzero,comp,0.044439547514072147794753100016353,0.010950803756713867
5,50,3,0.6,allzero,pauli,0.044439547514072148814978646669260,0.10156035423278809
5,50,3,0.7,allzero,comp,0.010288607330012438691331917033702,0.010395288467407227
5,50,3,0.7,allzero,pauli,0.010288607330012439211586183773761,0.10358738899230957
5,50,3,0.8,allzero,comp,0.0072404429320049753062597840057266,0.009078741073608398
5,50,3,0.8,allzero,pauli,0.0072404429320049755111621259118238,0.025812387466430664
5,50,3,0.9,allzero,comp,0,0.008700132369995117
5,50,3,0.9,allzero,pauli,0.00000,0.02153635025024414
5,50,4,0.1,allzero,comp,0.0011441141359900487212004060324957,0.013164281845092773
5,50,4,0.1,allzero,pauli,0.0011441141359900487608353136792516,0.024657726287841797
5,50,4,0.2,allzero,comp,0.039033752684059703017303192091008,0.012809276580810547
5,50,4,0.2,allzero,pauli,0.039033752684059709603392462895499,0.028217315673828125
5,50,4,0.3,allzero,comp,0.017682499107300832045510440587902,0.011631250381469727
5,50,4,0.3,allzero,pauli,0.017682499107300832241751464835033,0.028592348098754883
5,50,4,0.4,allzero,comp,0.033839412083421487061904918430209,0.01063084602355957
5,50,4,0.4,allzero,pauli,0.033839412083421491206358666659071,0.02787637710571289
5,50,4,0.5,allzero,comp,0.057337112730074641193861281819407,0.010544300079345703
5,50,4,0.5,allzero,pauli,0.057337112730074635269517102642567,0.030977487564086914
5,50,4,0.6,allzero,comp,0.013336771728019901965378688353783,0.01006627082824707
5,50,4,0.6,allzero,pauli,0.013336771728019902044648503647295,0.025594234466552734
5,50,4,0.7,allzero,comp,0.033538228271980096437596310581688,0.009015321731567383
5,50,4,0.7,allzero,pauli,0.033538228271980094485904544399091,0.016949176788330078
5,50,4,0.8,allzero,comp,0.046204793456039801678221274785440,0.0092620849609375
5,50,4,0.8,allzero,pauli,0.046204793456039804089297007294590,0.018451690673828125
5,50,4,0.9,allzero,comp,0.053347086912079607861514753415132,0.004339694976806641
5,50,4,0.9,allzero,pauli,0.053347086912079608178594014589180,0.01431894302368164
5,50,5,0.1,allzero,comp,0.018554687499999996883357681149123,0.01704692840576172
5,50,5,0.1,allzero,pauli,0.0185546875,0.026480913162231445
5,50,5,0.2,allzero,comp,0.018889790771980097363130996771479,0.01566910743713379
5,50,5,0.2,allzero,pauli,0.018889790771980097955351496352705,0.045656442642211914
5,50,5,0.3,allzero,comp,0.026178691909511191599027283002380,0.016565799713134766
5,50,5,0.3,allzero,pauli,0.026178691909511195984316955787108,0.09209609031677246
5,50,5,0.4,allzero,comp,0.093970775685219326383300708156528,0.014427661895751953
5,50,5,0.4,allzero,pauli,0.093970775685219304351747382497706,0.1168355941772461
5,50,5,0.5,allzero,comp,0.029114949706039804205898615114744,0.013017654418945312
5,50,5,0.5,allzero,pauli,0.029114949706039804089297007294590,0.1436154842376709
5,50,5,0.6,allzero,comp,0.011367529252926610616696831269613,0.01256108283996582
5,50,5,0.6,allzero,pauli,0.011367529252926609692475601320893,0.09359216690063477
5,50,5,0.7,allzero,comp,0.010435831543960195350127793762371,0.01107335090637207
5,50,5,0.7,allzero,pauli,0.010435831543960194175979516728603,0.05166769027709961
5,50,5,0.8,allzero,comp,0.083007812499999993408977491626075,0.010369062423706055
5,50,5,0.8,allzero,pauli,0.0830078125,0.06573843955993652
5,50,5,0.9,allzero,comp,0.046874999999999996721562529502446,0.008630037307739258
5,50,5,0.9,allzero,pauli,0.046875,0.020382404327392578
5,50,6,0.1,allzero,comp,0,0.014856576919555664
5,50,6,0.1,allzero,pauli,0.00000,0.02027606964111328
5,50,6,0.2,allzero,comp,0.027245600524034832154438217909449,0.014616966247558594
5,50,6,0.2,allzero,pauli,0.027245600524034827710773143394363,0.02058720588684082
5,50,6,0.3,allzero,comp,0.12003094555217912993670115106494,0.013917684555053711
5,50,6,0.3,allzero,pauli,0.12003094555217912187128348477927,0.0366358757019043
5,50,6,0.4,allzero,comp,0.012290807067995025272760819648243,0.012493133544921875
5,50,6,0.4,allzero,pauli,0.012290807067995023621476136099773,0.05539989471435547
5,50,6,0.5,allzero,comp,0.0093754932259651709889981298879453,0.012031793594360352
5,50,6,0.5,allzero,pauli,0.0093754932259651705545033806288302,0.06993460655212402
5,50,6,0.6,allzero,comp,0.038929032911565924051150406652084,0.01109933853149414
5,50,6,0.6,allzero,pauli,0.038929032911565929209185554782380,0.07660818099975586
5,50,6,0.7,allzero,comp,0.029067108032970143654589774031503,0.010419607162475586
5,50,6,0.7,allzero,pauli,0.029067108032970145198303768552250,0.04598188400268555
5,50,6,0.8,allzero,comp,0.022934845092029852201238778012366,0.009155988693237305
5,50,6,0.8,allzero,pauli,0.022934845092029854801696231447750,0.017839670181274414
5,50,6,0.9,allzero,comp,0.0091529130879203909962379816066646,0.008228540420532227
5,50,6,0.9,allzero,pauli,0.0091529130879203900866825094340129,0.011701345443725586
5,50,7,0.1,allzero,comp,0.046874999999999996721562529502446,0.01655888557434082
5,50,7,0.1,allzero,pauli,0.046875,0.020762205123901367
5,50,7,0.2,allzero,comp,0.026069251437858195597887564920023,0.01567220687866211
5,50,7,0.2,allzero,pauli,0.026069251437858195763475066542014,0.02588057518005371
5,50,7,0.3,allzero,comp,0.056450075057532192785167537159677,0.014843463897705078
5,50,7,0.3,allzero,pauli,0.056450075057532189681808176828781,0.061757802963256836
5,50,7,0.4,allzero,comp,0.0072444216792828025249065332058759,0.014405012130737305
5,50,7,0.4,allzero,pauli,0.0072444216792828019027550290331874,0.21951580047607422
5,50,7,0.5,allzero,comp,0.073908198923703956248218215593424,0.013786792755126953
5,50,7,0.5,allzero,pauli,0.073908198923703954941188953853271,0.18292498588562012
5,50,7,0.6,allzero,comp,0.014459201561791776742356406685865,0.013212442398071289
5,50,7,0.6,allzero,pauli,0.014459201561791777679299997316775,0.12582683563232422
5,50,7,0.7,allzero,comp,0.091379739727148013503126831295805,0.012377500534057617
5,50,7,0.7,allzero,pauli,0.091379739727148023842318025344866,0.11596488952636719
5,50,7,0.8,allzero,comp,0.0075510088349937808163015017606762,0.01078653335571289
5,50,7,0.8,allzero,pauli,0.0075510088349937803942069081131194,0.11391448974609375
5,50,7,0.9,allzero,comp,0.070312499999999987533430724596493,0.00868988037109375
5,50,7,0.9,allzero,pauli,0.0703125,0.022818326950073242
5,50,8,0.1,allzero,comp,0.053347086912079607861514753415132,0.016081571578979492
5,50,8,0.1,allzero,pauli,0.053347086912079608178594014589180,0.018918991088867188
5,50,8,0.2,allzero,comp,0.045820615446077118258678007986825,0.015468835830688477
5,50,8,0.2,allzero,pauli,0.045820615446077121724055558615873,0.026607036590576172
5,50,8,0.3,allzero,comp,0.064940173185087070661035597662823,0.0135345458984375
5,50,8,0.3,allzero,pauli,0.064940173185087074481103286416328,0.042516469955444336
5,50,8,0.4,allzero,comp,0.021580941873069694270254244299693,0.012412071228027344
5,50,8,0.4,allzero,pauli,0.021580941873069695718934113415344,0.05693364143371582
5,50,8,0.5,allzero,comp,0.0085275713349937811058669264757587,0.012429475784301758
5,50,8,0.5,allzero,pauli,0.0085275713349937803942069081131194,0.06886672973632812
5,50,8,0.6,allzero,comp,0.0023825289573476215255626626570765,0.010462045669555664
5,50,8,0.6,allzero,pauli,0.0023825289573476213927927247482330,0.06317377090454102
5,50,8,0.7,allzero,comp,0.10016880222714801706645076344762,0.010430097579956055
5,50,8,0.7,allzero,pauli,0.10016880222714802384231802534487,0.05761122703552246
5,50,8,0.8,allzero,comp,0.011432721466002487322714074226623,0.009543895721435547
5,50,8,0.8,allzero,pauli,0.011432721466002488189261931950114,0.04846000671386719
5,50,8,0.9,allzero,comp,0.046874999999999996721562529502446,0.008670806884765625
5,50,8,0.9,allzero,pauli,0.046875,0.01700615882873535
5,50,9,0.1,allzero,comp,0.0022882282719800977490594954016662,0.015223026275634766
5,50,9,0.1,allzero,pauli,0.0022882282719800975216706273585032,0.025735139846801758
5,50,9,0.2,allzero,comp,0.026918917145952734227681603165308,0.01635432243347168
5,50,9,0.2,allzero,pauli,0.026918917145952733077640672831876,0.03182721138000488
5,50,9,0.3,allzero,comp,0.0033832676699875609980145961253386,0.01390838623046875
5,50,9,0.3,allzero,pauli,0.0033832676699875607884138162262389,0.03625774383544922
5,50,9,0.4,allzero,comp,0.040280045664788246432415043950942,0.012975692749023438
5,50,9,0.4,allzero,pauli,0.040280045664788252657295686276484,0.07719039916992188
5,50,9,0.5,allzero,comp,0.0082454444817170353441540756882370,0.012047529220581055
5,50,9,0.5,allzero,pauli,0.0082454444817170371301306985856172,0.12308049201965332
5,50,9,0.6,allzero,comp,0.042531903837562193028324863276135,0.011629581451416016
5,50,9,0.6,allzero,pauli,0.042531903837562196057930918868806,0.11718177795410156
5,50,9,0.7,allzero,comp,0.045820615446077117219797235036533,0.010410308837890625
5,50,9,0.7,allzero,pauli,0.045820615446077121724055558615873,0.06554985046386719
5,50,9,0.8,allzero,comp,0.011718750000000001068095102759676,0.009028434753417969
5,50,9,0.8,allzero,pauli,0.01171875,0.016726255416870117
5,50,9,0.9,allzero,comp,0.046875000000000004272380411038702,0.007949113845825195
5,50,9,0.9,allzero,pauli,0.046875,0.01838541030883789
5,50,10,0.1,allzero,comp,0.030105885864009947313461433391545,0.017554044723510742
5,50,10,0.1,allzero,pauli,0.030105885864009952757047727800455,0.027560710906982422
5,50,10,0.2,allzero,comp,0.0058145102089664138636897245188656,0.016141891479492188
5,50,10,0.2,allzero,pauli,0.0058145102089664146491343466038870,0.03343391418457031
5,50,10,0.3,allzero,comp,0.042306963349937807949789075425694,0.015153646469116211
5,50,10,0.3,allzero,pauli,0.042306963349937803942069081131194,0.022675514221191406
5,50,10,0.4,allzero,comp,0.065623520322104490463759390616625,0.014600992202758789
5,50,10,0.4,allzero,pauli,0.065623520322104486601766382136702,0.04417991638183594
5,50,10,0.5,allzero,comp,0.068713572629109459860392406126400,0.013209819793701172
5,50,10,0.5,allzero,pauli,0.068713572629109459510843294083315,0.07808923721313477
5,50,10,0.6,allzero,comp,0.086534195679977314553120103676874,0.011873245239257812
5,50,10,0.6,allzero,pauli,0.086534195679977304882513067241234,0.15358400344848633
5,50,10,0.7,allzero,comp,0.017075470092029855929243695677559,0.010588407516479492
5,50,10,0.7,allzero,pauli,0.017075470092029854801696231447750,0.05575704574584961
5,50,10,0.8,allzero,comp,0.068301880368119409497542294016324,0.009832143783569336
5,50,10,0.8,allzero,pauli,0.068301880368119419206784925790998,0.036116600036621094
5,50,10,0.9,allzero,comp,0.031250,0.008270502090454102
5,50,10,0.9,allzero,pauli,0.03125,0.016263484954833984
5,100,0,0.1,allzero,comp,0.012238853482643406700390511592984,0.03539729118347168
5,100,0,0.1,allzero,pauli,0.012238853482643405334862052313838,0.17466330528259277
5,100,0,0.2,allzero,comp,0.031538291513375724681701015754564,0.03320169448852539
5,100,0,0.2,allzero,pauli,0.031538291513375726893286810081918,0.3409578800201416
5,100,0,0.3,allzero,comp,0.044409730450569064666488811035267,0.030748844146728516
5,100,0,0.3,allzero,pauli,0.044409730450569062654153640323784,0.47982144355773926
5,100,0,0.4,allzero,comp,0.0024400231324080739467363057892473,0.02834606170654297
5,100,0,0.4,allzero,pauli,0.0024400231324080735861858926227796,0.5490512847900391
5,100,0,0.5,allzero,comp,0.022291869657346828743944108789640,0.025797605514526367
5,100,0,0.5,allzero,pauli,0.022291869657346828625943402357734,0.8230588436126709
5,100,0,0.6,allzero,comp,0.021808584130137616590016646113867,0.022083520889282227
5,100,0,0.6,allzero,pauli,0.021808584130137618345424144195022,0.8288614749908447
5,100,0,0.7,allzero,comp,0.011647598213667574747907767851363,0.018980026245117188
5,100,0,0.7,allzero,pauli,0.011647598213667573543994571139137,0.6231372356414795
5,100,0,0.8,allzero,comp,0.070159269131856978817672503375797,0.017716169357299805
5,100,0,0.8,allzero,pauli,0.070159269131856979995198742017237,0.7270092964172363
5,100,0,0.9,allzero,comp,0.097214577358156733060693085907139,0.014857292175292969
5,100,0,0.9,allzero,pauli,0.097214577358156736841543477112282,0.27843737602233887
5,100,1,0.1,allzero,comp,0.0093407921459527328795833203408486,0.03533124923706055
5,100,1,0.1,allzero,pauli,0.0093407921459527313429171968550691,0.0734856128692627
5,100,1,0.2,allzero,comp,0.013821812974299517876233285766591,0.0327150821685791
5,100,1,0.2,allzero,pauli,0.013821812974299517093323963479179,0.30893540382385254
5,100,1,0.3,allzero,comp,0.016099116703527766499903228170642,0.031278371810913086
5,100,1,0.3,allzero,pauli,0.016099116703527767413550719766135,0.49231481552124023
5,100,1,0.4,allzero,comp,0.032399374349703047384318229655629,0.028757572174072266
5,100,1,0.4,allzero,pauli,0.032399374349703045916637478285338,0.5225093364715576
5,100,1,0.5,allzero,comp,0.037231636326076300225039851095350,0.02489495277404785
5,100,1,0.5,allzero,pauli,0.037231636326076296417131317184612,0.5852198600769043
5,100,1,0.6,allzero,comp,0.0075148241549503066959705569663264,0.021854877471923828
5,100,1,0.6,allzero,pauli,0.0075148241549503058678283196059056,0.7947998046875
5,100,1,0.7,allzero,comp,0.033168578053101676014412381791658,0.020503759384155273
5,100,1,0.7,allzero,pauli,0.033168578053101679947722857377812,0.5005307197570801
5,100,1,0.8,allzero,comp,0.0010542039757472011699412164605142,0.017234086990356445
5,100,1,0.8,allzero,pauli,0.0010542039757472012207611955503239,0.5189578533172607
5,100,1,0.9,allzero,comp,0.064068946990037321427216297788843,0.014406442642211914
5,100,1,0.9,allzero,pauli,0.064068946990037317634758551321283,0.34018850326538086
5,100,2,0.1,allzero,comp,0.042886898577303799318893749887046,0.03968954086303711
5,100,2,0.1,allzero,pauli,0.042886898577303801671778415993685,0.18550443649291992
5,100,2,0.2,allzero,comp,0.0036756710956452491852963589621553,0.036223411560058594
5,100,2,0.2,allzero,pauli,0.0036756710956452492457258163227607,0.3884236812591553
5,100,2,0.3,allzero,comp,0.0093245510661933820128873849423761,0.031571388244628906
5,100,2,0.3,allzero,pauli,0.0093245510661933810048207504905804,0.4300649166107178
5,100,2,0.4,allzero,comp,0.034487930711625179337419675802043,0.03483104705810547
5,100,2,0.4,allzero,pauli,0.034487930711625182367274788930445,0.8190281391143799
5,100,2,0.5,allzero,comp,0.0038964573379011063754475479459537,0.026569128036499023
5,100,2,0.5,allzero,pauli,0.0038964573379011062728705105939753,1.1940243244171143
5,100,2,0.6,allzero,comp,0.027692509710971794257781970766191,0.02342510223388672
5,100,2,0.6,allzero,pauli,0.027692509710971788955413686039719,0.9014441967010498
5,100,2,0.7,allzero,comp,0.016088075039836562757957149790614,0.02185821533203125
5,100,2,0.7,allzero,pauli,0.016088075039836564894546455661839,1.1904664039611816
5,100,2,0.8,allzero,comp,0.038410332069453602173384435427022,0.019574403762817383
5,100,2,0.8,allzero,pauli,0.038410332069453594072694357919318,1.0432674884796143
5,100,2,0.9,allzero,comp,0.0070250496229452677159783101404686,0.015455007553100586
5,100,2,0.9,allzero,pauli,0.0070250496229452676424931389931317,0.6758542060852051
5,100,3,0.1,allzero,comp,0.0032647907719800973631309967714794,0.03821444511413574
5,100,3,0.1,allzero,pauli,0.0032647907719800975216706273585032,0.06969094276428223
5,100,3,0.2,allzero,comp,0.025910066805643022191155669956552,0.03633856773376465
5,100,3,0.2,allzero,pauli,0.025910066805643023474248209936377,0.2508871555328369
5,100,3,0.3,allzero,comp,0.039256516564123630860124960087206,0.035213470458984375
5,100,3,0.3,allzero,pauli,0.039256516564123634938088258650168,0.4533979892730713
5,100,3,0.4,allzero,comp,0.0038490227499945388190173709540249,0.02870631217956543
5,100,3,0.4,allzero,pauli,0.0038490227499945392497515683771780,0.528104305267334
5,100,3,0.5,allzero,comp,0.019911737836906142458874263130564,0.026050329208374023
5,100,3,0.5,allzero,pauli,0.019911737836906143878090702514783,0.6586952209472656
5,100,3,0.6,allzero,comp,0.0026608573092893918441340545988274,0.021911144256591797
5,100,3,0.6,allzero,pauli,0.0026608573092893922536206208206977,0.8140854835510254
5,100,3,0.7,allzero,comp,0.021259457035993200229870289545174,0.020566225051879883
5,100,3,0.7,allzero,pauli,0.021259457035993196971634944247853,0.8532583713531494
5,100,3,0.8,allzero,comp,0.036021454147004823882209621451177,0.01595592498779297
5,100,3,0.8,allzero,pauli,0.036021454147004826340516814298098,0.5394115447998047
5,100,3,0.9,allzero,comp,0.014154202485927852624576315490536,0.01448512077331543
5,100,3,0.9,allzero,pauli,0.014154202485927852919744829307547,0.3143734931945801
5,100,4,0.1,allzero,comp,0.0020758118449564634659212451967144,0.03468680381774902
5,100,4,0.1,allzero,pauli,0.0020758118449564631931292257860378,0.13131046295166016
5,100,4,0.2,allzero,comp,0.038265231577117070910962126091418,0.031161785125732422
5,100,4,0.2,allzero,pauli,0.038265231577117073125116064602480,0.4080185890197754
5,100,4,0.3,allzero,comp,0.0056207784107947678343248134765875,0.02896428108215332
5,100,4,0.3,allzero,pauli,0.0056207784107947678792216450460728,0.6627583503723145
5,100,4,0.4,allzero,comp,0.055452924518400763293061873445910,0.0263671875
5,100,4,0.4,allzero,pauli,0.055452924518400767417425356597960,0.7222018241882324
5,100,4,0.5,allzero,comp,0.020834244934798226990497769064724,0.02260112762451172
5,100,4,0.5,allzero,pauli,0.020834244934798226700500833885599,0.7935161590576172
5,100,4,0.6,allzero,comp,0.021159315737096599856372648904748,0.021457195281982422
5,100,4,0.6,allzero,pauli,0.021159315737096597020983068659916,0.804579496383667
5,100,4,0.7,allzero,comp,0.015083755553827426568114466529769,0.017622709274291992
5,100,4,0.7,allzero,pauli,0.015083755553827427400848115723875,0.47214198112487793
5,100,4,0.8,allzero,comp,0.0038787357489726338378831000805722,0.015599727630615234
5,100,4,0.8,allzero,pauli,0.0038787357489726338212465694965658,0.5102486610412598
5,100,4,0.9,allzero,comp,0.020536559815940291480937565298695,0.012743234634399414
5,100,4,0.9,allzero,pauli,0.020536559815940293866054489058115,0.18877530097961426
5,100,5,0.1,allzero,comp,0.024185167441531719067187610569567,0.03618478775024414
5,100,5,0.1,allzero,pauli,0.024185167441531721377323549404537,0.11934614181518555
5,100,5,0.2,allzero,comp,0.027630166321680134959909261005580,0.033008575439453125
5,100,5,0.2,allzero,pauli,0.027630166321680138530325621104566,0.5408258438110352
5,100,5,0.3,allzero,comp,0.059195210085634888341762238139374,0.03326296806335449
5,100,5,0.3,allzero,pauli,0.059195210085634886176819691172568,0.5965061187744141
5,100,5,0.4,allzero,comp,0.032561660791290811111288338319268,0.028784513473510742
5,100,5,0.4,allzero,pauli,0.032561660791290809868758771017383,0.5972237586975098
5,100,5,0.5,allzero,comp,0.032143312925373602856152462680795,0.024356603622436523
5,100,5,0.5,allzero,pauli,0.032143312925373597466194297567199,0.5711939334869385
5,100,5,0.6,allzero,comp,0.034794023286729408592319845015723,0.021907567977905273
5,100,5,0.6,allzero,pauli,0.034794023286729404420558608990177,0.619002103805542
5,100,5,0.7,allzero,comp,0.036514817819672300439740486847548,0.019431591033935547
5,100,5,0.7,allzero,pauli,0.036514817819672307219747153794742,0.7048904895782471
5,100,5,0.8,allzero,comp,0.019469906577521765955696865141250,0.018347501754760742
5,100,5,0.8,allzero,pauli,0.019469906577521768620275821604082,0.71905517578125
5,100,5,0.9,allzero,comp,0.086509557067995022180012295911867,0.014159440994262695
5,100,5,0.9,allzero,pauli,0.086509557067995027090923088053387,0.23744869232177734
5,100,6,0.1,allzero,comp,0.017913228271980094365393400860870,0.035370826721191406
5,100,6,0.1,allzero,pauli,0.017913228271980097955351496352705,0.05502796173095703
5,100,6,0.2,allzero,comp,0.0040459791187344514076118639303554,0.032262563705444336
5,100,6,0.2,allzero,pauli,0.0040459791187344509855172702827986,0.2189033031463623
5,100,6,0.3,allzero,comp,0.029192781725515136362174426572436,0.028537511825561523
5,100,6,0.3,allzero,pauli,0.029192781725515138530058223409469,0.56980299949646
5,100,6,0.4,allzero,comp,0.028434519479821788563611347458084,0.026563167572021484
5,100,6,0.4,allzero,pauli,0.028434519479821788318085751257058,0.7499947547912598
5,100,6,0.5,allzero,comp,0.013519852328591749969225408530534,0.024668455123901367
5,100,6,0.5,allzero,pauli,0.013519852328591751636222006993648,1.509002685546875
5,100,6,0.6,allzero,comp,0.015229965814316461039542651693355,0.021912574768066406
5,100,6,0.6,allzero,pauli,0.015229965814316461306110461748631,1.4954137802124023
5,100,6,0.7,allzero,comp,0.0016397476757543203036903998040528,0.01672959327697754
5,100,6,0.7,allzero,pauli,0.0016397476757543203319117397498417,1.2612190246582031
5,100,6,0.8,allzero,comp,0.089925026161994043925845679173071,0.017127275466918945
5,100,6,0.8,allzero,pauli,0.089925026161994062179338982332411,0.7763621807098389
5,100,6,0.9,allzero,comp,0.0071710407719800971356550419130464,0.012473106384277344
5,100,6,0.9,allzero,pauli,0.0071710407719800970879897583643015,0.3621060848236084
5,100,7,0.1,allzero,comp,0.049163228271980101091043278592971,0.03349447250366211
5,100,7,0.1,allzero,pauli,0.049163228271980094485904544399091,0.05539512634277344
5,100,7,0.2,allzero,comp,0.025041674313418380196249627651898,0.0312197208404541
5,100,7,0.2,allzero,pauli,0.025041674313418381403462120715631,0.1425635814666748
5,100,7,0.3,allzero,comp,0.023376860736523221552257239737394,0.028960466384887695
5,100,7,0.3,allzero,pauli,0.023376860736523220191118710431510,0.4026765823364258
5,100,7,0.4,allzero,comp,0.057835703678633669716963307257126,0.02852916717529297
5,100,7,0.4,allzero,pauli,0.057835703678633672286668598871984,0.8138322830200195
5,100,7,0.5,allzero,comp,0.0020512847262456859787863602081591,0.02637195587158203
5,100,7,0.5,allzero,pauli,0.0020512847262456859916135432087003,1.152604579925537
5,100,7,0.6,allzero,comp,0.026616904148043676380444751547833,0.023303747177124023
5,100,7,0.6,allzero,pauli,0.026616904148043674799284374898889,1.045565128326416
5,100,7,0.7,allzero,comp,0.0017929531429661219706397867547332,0.02162313461303711
5,100,7,0.7,allzero,pauli,0.0017929531429661221385990499399554,0.934798002243042
5,100,7,0.8,allzero,comp,0.060542623781296685526241903193281,0.0177915096282959
5,100,7,0.8,allzero,pauli,0.060542623781296683871389063824608,0.7367689609527588
5,100,7,0.9,allzero,comp,0.010659464168742224396757404008146,0.014580726623535156
5,100,7,0.9,allzero,pauli,0.010659464168742225492758635141399,0.4511740207672119
5,100,8,0.1,allzero,comp,0.023437500000000001068095102759676,0.03558611869812012
5,100,8,0.1,allzero,pauli,0.0234375,0.05328941345214844
5,100,8,0.2,allzero,comp,0.0047386632027553573464817801709180,0.030683040618896484
5,100,8,0.2,allzero,pauli,0.0047386632027553582391377062776883,0.17543578147888184
5,100,8,0.3,allzero,comp,0.0049400008020471540511402351689072,0.029952049255371094
5,100,8,0.3,allzero,pauli,0.0049400008020471534650464029425621,0.3307967185974121
5,100,8,0.4,allzero,comp,0.0031946383777019404342618992805474,0.0274813175201416
5,100,8,0.4,allzero,pauli,0.0031946383777019405486585768016994,0.48268866539001465
5,100,8,0.5,allzero,comp,0.012599022631437159761640208281472,0.023547887802124023
5,100,8,0.5,allzero,pauli,0.012599022631437160890666149271055,0.5260260105133057
5,100,8,0.6,allzero,comp,0.018675667053822433348168666879857,0.020449399948120117
5,100,8,0.6,allzero,pauli,0.018675667053822432583931600902361,0.7188818454742432
5,100,8,0.7,allzero,comp,0.023463371676895213595442251848850,0.019043922424316406
5,100,8,0.7,allzero,pauli,0.023463371676895213718827548632362,0.8016557693481445
5,100,8,0.8,allzero,comp,0.015709123751815596141524358259089,0.016141414642333984
5,100,8,0.8,allzero,pauli,0.015709123751815597808123570189309,0.6741337776184082
5,100,8,0.9,allzero,comp,0.032769872252054734199086721556744,0.012464284896850586
5,100,8,0.9,allzero,pauli,0.032769872252054729755421647041658,0.24390816688537598
5,100,9,0.1,allzero,comp,0.0061801046140099508491774563319321,0.03900456428527832
5,100,9,0.1,allzero,pauli,0.0061801046140099510223242518236475,0.08199596405029297
5,100,9,0.2,allzero,comp,0.00023371379229454103949309059352480,0.03272438049316406
5,100,9,0.2,allzero,pauli,0.00023371379229454106716580563674057,0.3072662353515625
5,100,9,0.3,allzero,comp,0.010158569654713072935165854151984,0.035225868225097656
5,100,9,0.3,allzero,pauli,0.010158569654713072924479000391784,0.4559330940246582
5,100,9,0.4,allzero,comp,0.022005780192210576440003597002930,0.027494430541992188
5,100,9,0.4,allzero,pauli,0.022005780192210572937527857106943,0.8123290538787842
5,100,9,0.5,allzero,comp,0.066001528524186161172435934562476,0.026897668838500977
5,100,9,0.5,allzero,pauli,0.066001528524186156565711769417248,1.2065057754516602
5,100,9,0.6,allzero,comp,0.063450257479149844111341785229007,0.023790359497070312
5,100,9,0.6,allzero,pauli,0.063450257479149840822429951003869,1.0005614757537842
5,100,9,0.7,allzero,comp,0.046392527807675619251692003509000,0.020738840103149414
5,100,9,0.7,allzero,pauli,0.046392527807675616735583190575198,1.1150527000427246
5,100,9,0.8,allzero,comp,0.022948775714605659510724460437965,0.015277862548828125
5,100,9,0.8,allzero,pauli,0.022948775714605657016775808187958,0.387174129486084
5,100,9,0.9,allzero,comp,0.048799377684059704748771147008162,0.012395143508911133
5,100,9,0.9,allzero,pauli,0.048799377684059709603392462895499,0.23238539695739746
5,100,10,0.1,allzero,comp,0.024776680023007464736914628876846,0.03536057472229004
5,100,10,0.1,allzero,pauli,0.024776680023007462833062319873534,0.12599921226501465
5,100,10,0.2,allzero,comp,0.027042167633242536138564866051982,0.03512144088745117
5,100,10,0.2,allzero,pauli,0.027042167633242537166937680126466,0.43049025535583496
5,100,10,0.3,allzero,comp,0.0033069850108110403935046058073164,0.030206918716430664
5,100,10,0.3,allzero,pauli,0.0033069850108110405637051876226451,0.5231454372406006
5,100,10,0.4,allzero,comp,0.032745386279361359110145292984011,0.027436017990112305
5,100,10,0.4,allzero,pauli,0.032745386279361354819883445088635,1.0284900665283203
5,100,10,0.5,allzero,comp,0.094413545301003366168116633403981,0.026260852813720703
5,100,10,0.5,allzero,pauli,0.094413545301003362619773895403341,1.043868064880371
5,100,10,0.6,allzero,comp,0.022898074333826353505266568858925,0.06935977935791016
5,100,10,0.6,allzero,pauli,0.022898074333826352877441223654387,0.7838866710662842
5,100,10,0.7,allzero,comp,0.059095017709943104334023331106901,0.01949620246887207
5,100,10,0.7,allzero,pauli,0.059095017709943103989544965770619,0.7690207958221436
5,100,10,0.8,allzero,comp,0.059749727653904235603465449189141,0.01749420166015625
5,100,10,0.8,allzero,pauli,0.059749727653904231849946171450938,0.8045556545257568
5,100,10,0.9,allzero,comp,0.0097656250,0.012664556503295898
5,100,10,0.9,allzero,pauli,0.009765625,0.19229960441589355
10,10,0,0.1,allzero,comp,0,0.007682323455810547
10,10,0,0.1,allzero,pauli,0E-10,0.006796360015869141
10,10,0,0.2,allzero,comp,0,0.00763702392578125
10,10,0,0.2,allzero,pauli,0E-10,0.006680727005004883
10,10,0,0.3,allzero,comp,0.0033341929320049754913446720884458,0.007140159606933594
10,10,0,0.3,allzero,pauli,0.0033341929320049755111621259118238,0.006649017333984375
10,10,0,0.4,allzero,comp,0.00057205706799502443726487385041654,0.006800413131713867
10,10,0,0.4,allzero,pauli,0.00057205706799502438041765683962581,0.007205009460449219
10,10,0,0.5,allzero,comp,0.013336771728019901965378688353783,0.006931304931640625
10,10,0,0.5,allzero,pauli,0.013336771728019902044648503647295,0.007580995559692383
10,10,0,0.6,allzero,comp,0.013336771728019901965378688353783,0.002567291259765625
10,10,0,0.6,allzero,pauli,0.013336771728019902044648503647295,0.002763986587524414
10,10,0,0.7,allzero,comp,0.031250000000000004272380411038702,0.002828836441040039
10,10,0,0.7,allzero,pauli,0.0312500000,0.003003835678100586
10,10,0,0.8,allzero,comp,0.031250000000000004272380411038702,0.002713441848754883
10,10,0,0.8,allzero,pauli,0.0312500000,0.0029935836791992188
10,10,0,0.9,allzero,comp,0.50000000000000006835808657661923,0.003072977066040039
10,10,0,0.9,allzero,pauli,0.5000000000,0.0041120052337646484
10,10,1,0.1,allzero,comp,0.0039062500000000005340475513798378,0.007836103439331055
10,10,1,0.1,allzero,pauli,0.0039062500,0.006406307220458984
10,10,1,0.2,allzero,comp,0.0025006446990037314552704354863079,0.008302927017211914
10,10,1,0.2,allzero,pauli,0.0025006446990037318502120289309687,0.003021717071533203
10,10,1,0.3,allzero,comp,0.0011441141359900487212004060324957,0.007535457611083984
10,10,1,0.3,allzero,pauli,0.0011441141359900487608353136792516,0.006497859954833984
10,10,1,0.4,allzero,comp,0.022767293456039802704122643360867,0.007637977600097656
10,10,1,0.4,allzero,pauli,0.022767293456039804089297007294590,0.007285356521606445
10,10,1,0.5,allzero,comp,0.0097165502620174138562004519620947,0.007578611373901367
10,10,1,0.5,allzero,pauli,0.0097165502620174138553865716971814,0.006954669952392578
10,10,1,0.6,allzero,comp,0.0016670964660024876690076652100542,0.0067827701568603516
10,10,1,0.6,allzero,pauli,0.0016670964660024877555810629559119,0.007049083709716797
10,10,1,0.7,allzero,comp,0.0019531250,0.006956815719604492
10,10,1,0.7,allzero,pauli,0.0019531250,0.007099628448486328
10,10,1,0.8,allzero,comp,0.0022882282719800977490594954016662,0.007021427154541016
10,10,1,0.8,allzero,pauli,0.0022882282719800975216706273585032,0.008335351943969727
10,10,1,0.9,allzero,comp,0.0625,0.002800464630126953
10,10,1,0.9,allzero,pauli,0.0625000000,0.0031502246856689453
10,10,2,0.1,allzero,comp,0,0.008190631866455078
10,10,2,0.1,allzero,pauli,0E-10,0.0034351348876953125
10,10,2,0.2,allzero,comp,0.00048828125000000006675594392247972,0.007706642150878906
10,10,2,0.2,allzero,pauli,0.00048828125,0.0029337406158447266
10,10,2,0.3,allzero,comp,0.0009765625,0.008312463760375977
10,10,2,0.3,allzero,pauli,0.0009765625,0.003000974655151367
10,10,2,0.4,allzero,comp,0.0019531250000000002670237756899189,0.007567405700683594
10,10,2,0.4,allzero,pauli,0.0019531250,0.006485939025878906
10,10,2,0.5,allzero,comp,0.0066683858640099506760306608402167,0.0071070194244384766
10,10,2,0.5,allzero,pauli,0.0066683858640099510223242518236475,0.007545948028564453
10,10,2,0.6,allzero,comp,0.031250000000000004272380411038702,0.007425069808959961
10,10,2,0.6,allzero,pauli,0.0312500000,0.0072934627532958984
10,10,2,0.7,allzero,comp,0.031250,0.002917051315307617
10,10,2,0.7,allzero,pauli,0.0312500000,0.006850242614746094
10,10,2,0.8,allzero,comp,0.10669417382415921081649057344347,0.002929210662841797
10,10,2,0.8,allzero,pauli,0.10669417382415921635718802917836,0.006798505783081055
10,10,2,0.9,allzero,comp,0.10669417382415921081649057344347,0.003082275390625
10,10,2,0.9,allzero,pauli,0.10669417382415921635718802917836,0.007235050201416016
10,10,3,0.1,allzero,comp,0,0.00812530517578125
10,10,3,0.1,allzero,pauli,0E-10,0.002682924270629883
10,10,3,0.2,allzero,comp,0.00057205706799502443726487385041654,0.008841276168823242
10,10,3,0.2,allzero,pauli,0.00057205706799502438041765683962581,0.002984762191772461
10,10,3,0.3,allzero,comp,0,0.009147405624389648
10,10,3,0.3,allzero,pauli,0E-10,0.006981372833251953
10,10,3,0.4,allzero,comp,0.0009765625,0.007128477096557617
10,10,3,0.4,allzero,pauli,0.0009765625,0.0027313232421875
10,10,3,0.5,allzero,comp,0.0016670964660024876690076652100542,0.007767677307128906
10,10,3,0.5,allzero,pauli,0.0016670964660024877555810629559119,0.007175445556640625
10,10,3,0.6,allzero,comp,0.0033341929320049754913446720884458,0.007384777069091797
10,10,3,0.6,allzero,pauli,0.0033341929320049755111621259118238,0.008392572402954102
10,10,3,0.7,allzero,comp,0.00028602853399751218030010150812392,0.00681614875793457
10,10,3,0.7,allzero,pauli,0.00028602853399751219020882841981290,0.006962299346923828
10,10,3,0.8,allzero,comp,0.0039062500000000005340475513798378,0.0028960704803466797
10,10,3,0.8,allzero,pauli,0.0039062500,0.0071332454681396484
10,10,3,0.9,allzero,comp,0.031250000000000004272380411038702,0.002847433090209961
10,10,3,0.9,allzero,pauli,0.0312500000,0.003052949905395508
10,10,4,0.1,allzero,comp,0,0.008758544921875
10,10,4,0.1,allzero,pauli,0E-10,0.0033304691314697266
10,10,4,0.2,allzero,comp,0.00097656250000000013351188784495944,0.008062362670898438
10,10,4,0.2,allzero,pauli,0.0009765625,0.002755880355834961
10,10,4,0.3,allzero,comp,0,0.008184432983398438
10,10,4,0.3,allzero,pauli,0E-10,0.0029501914978027344
10,10,4,0.4,allzero,comp,0,0.0073468685150146484
10,10,4,0.4,allzero,pauli,0E-10,0.0033791065216064453
10,10,4,0.5,allzero,comp,0,0.007563591003417969
10,10,4,0.5,allzero,pauli,0E-10,0.007096290588378906
10,10,4,0.6,allzero,comp,0.0022882282719800977490594954016662,0.0070383548736572266
10,10,4,0.6,allzero,pauli,0.0022882282719800975216706273585032,0.0031626224517822266
10,10,4,0.7,allzero,comp,0.015625,0.006791830062866211
10,10,4,0.7,allzero,pauli,0.0156250000,0.00295257568359375
10,10,4,0.8,allzero,comp,0.031250,0.006692647933959961
10,10,4,0.8,allzero,pauli,0.0312500000,0.0032939910888671875
10,10,4,0.9,allzero,comp,0.25,0.002774953842163086
10,10,4,0.9,allzero,pauli,0.2500000000,0.0029425621032714844
10,10,5,0.1,allzero,comp,0,0.00759124755859375
10,10,5,0.1,allzero,pauli,0E-10,0.0027456283569335938
10,10,5,0.2,allzero,comp,0.0091529130879203909962379816066646,0.00801396369934082
10,10,5,0.2,allzero,pauli,0.0091529130879203900866825094340129,0.003047466278076172
10,10,5,0.3,allzero,comp,0,0.007376194000244141
10,10,5,0.3,allzero,pauli,0E-10,0.0029449462890625
10,10,5,0.4,allzero,comp,0,0.007395029067993164
10,10,5,0.4,allzero,pauli,0E-10,0.006753444671630859
10,10,5,0.5,allzero,comp,0.013336771728019901965378688353783,0.0073511600494384766
10,10,5,0.5,allzero,pauli,0.013336771728019902044648503647295,0.003084897994995117
10,10,5,0.6,allzero,comp,0.015625000000000002136190205519351,0.00709986686706543
10,10,5,0.6,allzero,pauli,0.0156250000,0.0032956600189208984
10,10,5,0.7,allzero,comp,0.015625,0.0029211044311523438
10,10,5,0.7,allzero,pauli,0.0156250000,0.0031349658966064453
10,10,5,0.8,allzero,comp,0.031250000000000004272380411038702,0.002836465835571289
10,10,5,0.8,allzero,pauli,0.0312500000,0.003122568130493164
10,10,5,0.9,allzero,comp,0.25,0.002851724624633789
10,10,5,0.9,allzero,pauli,0.2500000000,0.0030434131622314453
10,10,6,0.1,allzero,comp,0,0.0075550079345703125
10,10,6,0.1,allzero,pauli,0E-10,0.006641387939453125
10,10,6,0.2,allzero,comp,0,0.007311344146728516
10,10,6,0.2,allzero,pauli,0E-10,0.007880687713623047
10,10,6,0.3,allzero,comp,0.0016670964660024876690076652100542,0.00705409049987793
10,10,6,0.3,allzero,pauli,0.0016670964660024877555810629559119,0.006809711456298828
10,10,6,0.4,allzero,comp,0.042200393980074636238524936285353,0.007039308547973633
10,10,6,0.4,allzero,pauli,0.042200393980074635269517102642567,0.00682520866394043
10,10,6,0.5,allzero,comp,0.015625000000000002136190205519351,0.007004737854003906
10,10,6,0.5,allzero,pauli,0.0156250000,0.007140636444091797
10,10,6,0.6,allzero,comp,0.031250,0.007385969161987305
10,10,6,0.6,allzero,pauli,0.0312500000,0.007631778717041016
10,10,6,0.7,allzero,comp,0,0.006937980651855469
10,10,6,0.7,allzero,pauli,0E-10,0.006792306900024414
10,10,6,0.8,allzero,comp,0,0.0069849491119384766
10,10,6,0.8,allzero,pauli,0E-10,0.00750279426574707
10,10,6,0.9,allzero,comp,0.031250000000000004272380411038702,0.002808094024658203
10,10,6,0.9,allzero,pauli,0.0312500000,0.003077983856201172
10,10,7,0.1,allzero,comp,0.00057205706799502443726487385041654,0.007955074310302734
10,10,7,0.1,allzero,pauli,0.00057205706799502438041765683962581,0.002766132354736328
10,10,7,0.2,allzero,comp,0,0.0076906681060791016
10,10,7,0.2,allzero,pauli,0E-10,0.0028357505798339844
10,10,7,0.3,allzero,comp,0.0014648437499999998493077667181781,0.007863998413085938
10,10,7,0.3,allzero,pauli,0.00146484375,0.0037140846252441406
10,10,7,0.4,allzero,comp,0,0.0074350833892822266
10,10,7,0.4,allzero,pauli,0E-10,0.006947040557861328
10,10,7,0.5,allzero,comp,0.0019531250,0.007447719573974609
10,10,7,0.5,allzero,pauli,0.0019531250,0.007109642028808594
10,10,7,0.6,allzero,comp,0.0045764565439601948848016241299826,0.006951570510864258
10,10,7,0.6,allzero,pauli,0.0045764565439601950433412547170064,0.006921052932739258
10,10,7,0.7,allzero,comp,0,0.0070362091064453125
10,10,7,0.7,allzero,pauli,0E-10,0.006795406341552734
10,10,7,0.8,allzero,comp,0.0033341929320049754913446720884458,0.0028421878814697266
10,10,7,0.8,allzero,pauli,0.0033341929320049755111621259118238,0.006834506988525391
10,10,7,0.9,allzero,comp,0.0078125000000000010680951027596755,0.0031049251556396484
10,10,7,0.9,allzero,pauli,0.0078125000,0.003671407699584961
10,10,8,0.1,allzero,comp,0.0017161712039850732404041674901119,0.008211612701416016
10,10,8,0.1,allzero,pauli,0.0017161712039850730328327532703270,0.0028228759765625
10,10,8,0.2,allzero,comp,0,0.008038997650146484
10,10,8,0.2,allzero,pauli,0E-10,0.006692647933959961
10,10,8,0.3,allzero,comp,0.0066683858640099506760306608402167,0.007794618606567383
10,10,8,0.3,allzero,pauli,0.0066683858640099510223242518236475,0.007104635238647461
10,10,8,0.4,allzero,comp,0.0033341929320049754913446720884458,0.007927417755126953
10,10,8,0.4,allzero,pauli,0.0033341929320049755111621259118238,0.006609916687011719
10,10,8,0.5,allzero,comp,0.00048828125000000006675594392247972,0.0073773860931396484
10,10,8,0.5,allzero,pauli,0.00048828125,0.0076677799224853516
10,10,8,0.6,allzero,comp,0,0.007001161575317383
10,10,8,0.6,allzero,pauli,0E-10,0.006379127502441406
10,10,8,0.7,allzero,comp,0.0033341929320049754913446720884458,0.006864309310913086
10,10,8,0.7,allzero,pauli,0.0033341929320049755111621259118238,0.0031778812408447266
10,10,8,0.8,allzero,comp,0.0066683858640099506760306608402167,0.002972126007080078
10,10,8,0.8,allzero,pauli,0.0066683858640099510223242518236475,0.0031478404998779297
10,10,8,0.9,allzero,comp,0.031250000000000004272380411038702,0.002980947494506836
10,10,8,0.9,allzero,pauli,0.0312500000,0.0032694339752197266
10,10,9,0.1,allzero,comp,0.0066683858640099506760306608402167,0.007750272750854492
10,10,9,0.1,allzero,pauli,0.0066683858640099510223242518236475,0.002859830856323242
10,10,9,0.2,allzero,comp,0,0.008180856704711914
10,10,9,0.2,allzero,pauli,0E-10,0.0029289722442626953
10,10,9,0.3,allzero,comp,0.0016670964660024876690076652100542,0.007911920547485352
10,10,9,0.3,allzero,pauli,0.0016670964660024877555810629559119,0.002669811248779297
10,10,9,0.4,allzero,comp,0.0022882282719800977490594954016662,0.00696873664855957
10,10,9,0.4,allzero,pauli,0.0022882282719800975216706273585032,0.0029871463775634766
10,10,9,0.5,allzero,comp,0.0045764565439601948848016241299826,0.00731205940246582
10,10,9,0.5,allzero,pauli,0.0045764565439601950433412547170064,0.003218412399291992
10,10,9,0.6,allzero,comp,0.053347086912079607861514753415132,0.0070722103118896484
10,10,9,0.6,allzero,pauli,0.053347086912079608178594014589180,0.004143476486206055
10,10,9,0.7,allzero,comp,0.00781250,0.006609678268432617
10,10,9,0.7,allzero,pauli,0.0078125000,0.0031080245971679688
10,10,9,0.8,allzero,comp,0,0.0068111419677734375
10,10,9,0.8,allzero,pauli,0E-10,0.0031576156616210938
10,10,9,0.9,allzero,comp,0.073223304703363118156825986079722,0.0030994415283203125
10,10,9,0.9,allzero,pauli,0.073223304703363120693460075472103,0.004113435745239258
10,10,10,0.1,allzero,comp,0,0.008327484130859375
10,10,10,0.1,allzero,pauli,0E-10,0.002893686294555664
10,10,10,0.2,allzero,comp,0,0.008071660995483398
10,10,10,0.2,allzero,pauli,0E-10,0.0026421546936035156
10,10,10,0.3,allzero,comp,0,0.008230209350585938
10,10,10,0.3,allzero,pauli,0E-10,0.002710580825805664
10,10,10,0.4,allzero,comp,0.0066683858640099506760306608402167,0.008082151412963867
10,10,10,0.4,allzero,pauli,0.0066683858640099510223242518236475,0.0068607330322265625
10,10,10,0.5,allzero,comp,0.00390625,0.007928848266601562
10,10,10,0.5,allzero,pauli,0.0039062500,0.0066564083099365234
10,10,10,0.6,allzero,comp,0.00028602853399751218030010150812392,0.008026361465454102
10,10,10,0.6,allzero,pauli,0.00028602853399751219020882841981290,0.006307840347290039
10,10,10,0.7,allzero,comp,0.0019531250000000002670237756899189,0.0073757171630859375
10,10,10,0.7,allzero,pauli,0.0019531250,0.0067615509033203125
10,10,10,0.8,allzero,comp,0.0039062500000000005340475513798378,0.007440805435180664
10,10,10,0.8,allzero,pauli,0.0039062500,0.007133960723876953
10,10,10,0.9,allzero,comp,0.0625,0.003016233444213867
10,10,10,0.9,allzero,pauli,0.0625000000,0.0032029151916503906
10,50,0,0.1,allzero,comp,0.0019557429943123447782925320341766,0.3938426971435547
10,50,0,0.1,allzero,pauli,0.0019557429943123445965913465016683,0.23494791984558105
10,50,0,0.2,allzero,comp,0.0011389486026570273288909443153373,0.4108004570007324
10,50,0,0.2,allzero,pauli,0.0011389486026570274507241364858601,3.5485270023345947
10,50,0,0.3,allzero,comp,0.00039959018344537998885904405820757,0.35997462272644043
10,50,0,0.3,allzero,pauli,0.00039959018344537999486987267516724,18.71500563621521
10,50,0,0.4,allzero,comp,0.00035783938758950770713142864336101,0.2781238555908203
10,50,0,0.4,allzero,pauli,TIMEOUT,30.03459095954895
10,50,0,0.5,allzero,comp,0.0018192747383179598662289975505336,0.11344504356384277
10,50,0,0.5,allzero,pauli,0.0018192747383179600027119926508590,26.794216632843018
10,50,0,0.6,allzero,comp,0.0019653077316834106806462649034511,0.041550636291503906
10,50,0,0.6,allzero,pauli,TIMEOUT,30.035136699676514
10,50,0,0.7,allzero,comp,0.0017121498536815034902358559219223,0.022939205169677734
10,50,0,0.7,allzero,pauli,0.0017121498536815035751423863530363,8.483585119247437
10,50,0,0.8,allzero,comp,0.00076920893326253481269313157214642,0.02442479133605957
10,50,0,0.8,allzero,pauli,0.00076920893326253491836808073855991,3.2814741134643555
10,50,0,0.9,allzero,comp,0.0010419352912515547931297907562839,0.012939453125
10,50,0,0.9,allzero,pauli,0.0010419352912515549014482729717201,0.20877623558044434
10,50,1,0.1,allzero,comp,0.00022780871332309107155590845311553,0.2550656795501709
10,50,1,0.1,allzero,pauli,0.00022780871332309104992930315347621,0.35806798934936523
10,50,1,0.2,allzero,comp,0.0017666554414368327975555014288462,0.6033873558044434
10,50,1,0.2,allzero,pauli,0.0017666554414368326221540517195763,13.613652467727661
10,50,1,0.3,allzero,comp,0.00078287889645603742178383010164765,0.2569575309753418
10,50,1,0.3,allzero,pauli,TIMEOUT,30.03474187850952
10,50,1,0.4,allzero,comp,0.00010834135041488777428593801970325,0.23859333992004395
10,50,1,0.4,allzero,pauli,TIMEOUT,30.03500509262085
10,50,1,0.5,allzero,comp,0.0011117500592449838802810333346238,0.36694836616516113
10,50,1,0.5,allzero,pauli,TIMEOUT,30.034662008285522
10,50,1,0.6,allzero,comp,0.00031172433072325714012352392297482,0.12892985343933105
10,50,1,0.6,allzero,pauli,TIMEOUT,30.0294828414917
10,50,1,0.7,allzero,comp,0.0012947333835533576132621121316230,0.13300180435180664
10,50,1,0.7,allzero,pauli,TIMEOUT,30.035263061523438
10,50,1,0.8,allzero,comp,0.00015878801329390127986024664131521,0.048478126525878906
10,50,1,0.8,allzero,pauli,0.00015878801329390128350624311615036,13.739034175872803
10,50,1,0.9,allzero,comp,0.00073242187499999994877441452347572,0.011529922485351562
10,50,1,0.9,allzero,pauli,0.000732421875,0.09207892417907715
10,50,2,0.1,allzero,comp,0.0029863079546913871971950537688104,0.48462700843811035
10,50,2,0.1,allzero,pauli,0.0029863079546913872536206824293004,0.2628781795501709
10,50,2,0.2,allzero,comp,0.00097910728229949898359855076871170,0.4372560977935791
10,50,2,0.2,allzero,pauli,0.00097910728229949877537974245456098,1.5473639965057373
10,50,2,0.3,allzero,comp,0.0021401337546762166533496771090363,0.282304048538208
10,50,2,0.3,allzero,pauli,0.0021401337546762162766800230428998,7.2261669635772705
10,50,2,0.4,allzero,comp,0.00099641414822688195439746634727708,0.2228686809539795
10,50,2,0.4,allzero,pauli,TIMEOUT,30.034596920013428
10,50,2,0.5,allzero,comp,0.00015731174355103879373001691247911,0.08238005638122559
10,50,2,0.5,allzero,pauli,0.00015731174355103878597338107336867,22.971879482269287
10,50,2,0.6,allzero,comp,0.00055389799073579790540818360412049,0.05578780174255371
10,50,2,0.6,allzero,pauli,0.00055389799073579800651329074767659,5.913168430328369
10,50,2,0.7,allzero,comp,0.00095537892275718827696667157305200,0.04848933219909668
10,50,2,0.7,allzero,pauli,0.00095537892275718836777864684250972,7.220269680023193
10,50,2,0.8,allzero,comp,0.00060770067797711636708784708762673,0.016560077667236328
10,50,2,0.8,allzero,pauli,0.00060770067797711647700903414559548,2.3743951320648193
10,50,2,0.9,allzero,comp,0.0021344337615037315251548472515457,0.012345075607299805
10,50,2,0.9,allzero,pauli,0.0021344337615037318502120289309687,0.15021753311157227
10,50,3,0.1,allzero,comp,0.00062516117475093286381760887157698,0.23780608177185059
10,50,3,0.1,allzero,pauli,0.00062516117475093296255300723274217,0.4553704261779785
10,50,3,0.2,allzero,comp,0.0041049214140541045019244286978585,0.28553199768066406
10,50,3,0.2,allzero,pauli,0.0041049214140541044615329013822702,0.7458686828613281
10,50,3,0.3,allzero,comp,0.00021962582828066692519515394487399,0.26834940910339355
10,50,3,0.3,allzero,pauli,0.00021962582828066691195689763560495,2.5356059074401855
10,50,3,0.4,allzero,comp,0.00078976102676881711578189842188573,0.22507953643798828
10,50,3,0.4,allzero,pauli,0.00078976102676881713288148390006427,11.140554904937744
10,50,3,0.5,allzero,comp,0.00054433748303754671062715454198720,0.05677485466003418
10,50,3,0.5,allzero,pauli,0.00054433748303754669103232677329629,17.60041642189026
10,50,3,0.6,allzero,comp,0.0014077026950079774846926036321232,0.036897897720336914
10,50,3,0.6,allzero,pauli,0.0014077026950079776432267486541150,3.499938726425171
10,50,3,0.7,allzero,comp,0.0016536327313699085951565849216100,0.026135683059692383
10,50,3,0.7,allzero,pauli,0.0016536327313699085775344777005103,1.2402398586273193
10,50,3,0.8,allzero,comp,0.00030149595045922630799535853746575,0.012350797653198242
10,50,3,0.8,allzero,pauli,0.00030149595045922633704954529676456,0.08066391944885254
10,50,3,0.9,allzero,comp,0.0015363508834993781630645457578281,0.010997295379638672
10,50,3,0.9,allzero,pauli,0.0015363508834993779526845170124716,0.07415533065795898
10,50,4,0.1,allzero,comp,0.0011186784133756221453955997429613,0.23920917510986328
10,50,4,0.1,allzero,pauli,0.0011186784133756220473154829875284,0.08050203323364258
10,50,4,0.2,allzero,comp,0.00096513203177439959823911696059022,0.12021780014038086
10,50,4,0.2,allzero,pauli,0.00096513203177439957358707545154175,0.5294351577758789
10,50,4,0.3,allzero,comp,0.00094244118944388402850611590878956,0.09891796112060547
10,50,4,0.3,allzero,pauli,0.00094244118944388399934652955636238,0.5744650363922119
10,50,4,0.4,allzero,comp,0.0022957683456209092836129909913574,0.09250235557556152
10,50,4,0.4,allzero,pauli,0.0022957683456209096103939337751854,1.4074745178222656
10,50,4,0.5,allzero,comp,0.00032706242649087017854652069125394,0.07661223411560059
10,50,4,0.5,allzero,pauli,0.00032706242649087016076750455972899,13.907477140426636
10,50,4,0.6,allzero,comp,0.00025964790647841672396487713262004,0.08184218406677246
10,50,4,0.6,allzero,pauli,TIMEOUT,30.034977197647095
10,50,4,0.7,allzero,comp,0.00015912465385322650454874548608313,0.026172876358032227
10,50,4,0.7,allzero,pauli,0.00015912465385322651593297260674831,5.234385251998901
10,50,4,0.8,allzero,comp,0.0011715227040799132552005444133741,0.01842951774597168
10,50,4,0.8,allzero,pauli,0.0011715227040799132234016877163185,4.174429178237915
10,50,4,0.9,allzero,comp,0.00097656250000000013351188784495944,0.009941816329956055
10,50,4,0.9,allzero,pauli,0.0009765625,0.025440692901611328
10,50,5,0.1,allzero,comp,0.000086579867434623453228695746786583,0.272136926651001
10,50,5,0.1,allzero,pauli,0.000086579867434623464846760176882867,0.34195613861083984
10,50,5,0.2,allzero,comp,0.00051145016910097935385055112369170,0.26204919815063477
10,50,5,0.2,allzero,pauli,0.00051145016910097941195689763560495,3.017967939376831
10,50,5,0.3,allzero,comp,0.000057814820209372891424962709094923,0.25841474533081055
10,50,5,0.3,allzero,pauli,0.000057814820209372899391213340702933,5.868190050125122
10,50,5,0.4,allzero,comp,0.00063866065657535286440940440756400,0.25588130950927734
10,50,5,0.4,allzero,pauli,TIMEOUT,30.03641963005066
10,50,5,0.5,allzero,comp,0.00035670550262474225166041820257780,0.14491844177246094
10,50,5,0.5,allzero,pauli,TIMEOUT,30.034651041030884
10,50,5,0.6,allzero,comp,0.00012364401326221901496097121354344,0.1535501480102539
10,50,5,0.6,allzero,pauli,TIMEOUT,30.009405851364136
10,50,5,0.7,allzero,comp,0.00019307353285336255944353868635780,0.10892391204833984
10,50,5,0.7,allzero,pauli,TIMEOUT,30.00597620010376
10,50,5,0.8,allzero,comp,0.00033128196344908231113329153466981,0.0648343563079834
10,50,5,0.8,allzero,pauli,TIMEOUT,30.035377502441406
10,50,5,0.9,allzero,comp,0.0034772071990037316284172309780233,0.012358665466308594
10,50,5,0.9,allzero,pauli,0.0034772071990037318502120289309687,0.15227198600769043
10,50,6,0.1,allzero,comp,0.0035757155626926313645132562944451,0.2934122085571289
10,50,6,0.1,allzero,pauli,0.0035757155626926309145707794101554,0.43004655838012695
10,50,6,0.2,allzero,comp,0.000033543696998075278263499911666755,0.2511718273162842
10,50,6,0.2,allzero,pauli,0.000033543696998075270613009352116407,15.243461847305298
10,50,6,0.3,allzero,comp,0.0019124691909862118039212610155149,0.2493293285369873
10,50,6,0.3,allzero,pauli,TIMEOUT,30.035208463668823
10,50,6,0.4,allzero,comp,0.0016601841473976058726291928488253,0.18462896347045898
10,50,6,0.4,allzero,pauli,TIMEOUT,30.035397052764893
10,50,6,0.5,allzero,comp,0.00047494214339926470321095582917410,0.12993097305297852
10,50,6,0.5,allzero,pauli,TIMEOUT,30.03518533706665
10,50,6,0.6,allzero,comp,0.00052159291813869744128143934706071,0.10416650772094727
10,50,6,0.6,allzero,pauli,TIMEOUT,30.035024166107178
10,50,6,0.7,allzero,comp,0.00036202116969754253861263359727438,0.07403731346130371
10,50,6,0.7,allzero,pauli,TIMEOUT,30.036136865615845
10,50,6,0.8,allzero,comp,0.000025544711184623464303521555336136,0.03791666030883789
10,50,6,0.8,allzero,pauli,TIMEOUT,30.023491144180298
10,50,6,0.9,allzero,comp,0.0018101107330012438265649460014317,0.012500524520874023
10,50,6,0.9,allzero,pauli,0.0018101107330012438777905314779559,0.08048033714294434
10,50,7,0.1,allzero,comp,0.0020324475831578828922194044043825,0.19022464752197266
10,50,7,0.1,allzero,pauli,0.0020324475831578828199930342179869,0.07204413414001465
10,50,7,0.2,allzero,comp,0.00063875223792467593671677928295870,0.17330479621887207
10,50,7,0.2,allzero,pauli,0.00063875223792467597256489186818840,0.3463480472564697
10,50,7,0.3,allzero,comp,0.0012193757215395948074542406827015,0.16229939460754395
10,50,7,0.3,allzero,pauli,0.0012193757215395945384117659671119,13.503652095794678
10,50,7,0.4,allzero,comp,0.0017934089274804452742214317662540,0.11381864547729492
10,50,7,0.4,allzero,pauli,TIMEOUT,30.03398370742798
10,50,7,0.5,allzero,comp,0.00068540370119551104786505584906717,0.1023569107055664
10,50,7,0.5,allzero,pauli,TIMEOUT,30.035134077072144
10,50,7,0.6,allzero,comp,0.00076979670917783190175176066945571,0.06863069534301758
10,50,7,0.6,allzero,pauli,TIMEOUT,30.035690546035767
10,50,7,0.7,allzero,comp,0.0014799876122040035557345043761708,0.06139016151428223
10,50,7,0.7,allzero,pauli,TIMEOUT,30.034406423568726
10,50,7,0.8,allzero,comp,0.0025923809090213415720661912454414,0.03321385383605957
10,50,7,0.8,allzero,pauli,0.0025923809090213413043601864416132,15.834490537643433
10,50,7,0.9,allzero,comp,0.0013222786598128110847455152927525,0.024636268615722656
10,50,7,0.9,allzero,pauli,0.0013222786598128110236577414937642,23.162956953048706
10,50,8,0.1,allzero,comp,0.00015258789062500002086123247577491,0.37777042388916016
10,50,8,0.1,allzero,pauli,0.000152587890625,0.1411588191986084
10,50,8,0.2,allzero,comp,0.00067581944733561660578909833966018,0.27806663513183594
10,50,8,0.2,allzero,pauli,0.00067581944733561660331594422856938,1.3603549003601074
10,50,8,0.3,allzero,comp,0.00062197692821162008895771677295195,0.24146294593811035
10,50,8,0.3,allzero,pauli,0.00062197692821162008352392502885664,3.848442792892456
10,50,8,0.4,allzero,comp,0.0024363114349952129013777562265055,0.307819128036499
10,50,8,0.4,allzero,pauli,0.0024363114349952126255760553874552,28.760072946548462
10,50,8,0.5,allzero,comp,0.0013222337947639353459944281906020,0.15008997917175293
10,50,8,0.5,allzero,pauli,TIMEOUT,30.034947395324707
10,50,8,0.6,allzero,comp,0.0011244362441143372127991947146135,0.09329485893249512
10,50,8,0.6,allzero,pauli,TIMEOUT,30.034066200256348
10,50,8,0.7,allzero,comp,0.0012901663006975188866894297372730,0.08271980285644531
10,50,8,0.7,allzero,pauli,TIMEOUT,30.035595893859863
10,50,8,0.8,allzero,comp,0.00031593248425824978436087162498301,0.037564992904663086
10,50,8,0.8,allzero,pauli,TIMEOUT,30.035285472869873
10,50,8,0.9,allzero,comp,0.00055978838349937800244760360073101,0.011165142059326172
10,50,8,0.9,allzero,pauli,0.00055978838349937806110473426102203,0.20719599723815918
10,50,9,0.1,allzero,comp,0.0016553540248754665413110469682700,0.3849756717681885
10,50,9,0.1,allzero,pauli,0.0016553540248754664270663949920959,0.07759308815002441
10,50,9,0.2,allzero,comp,0.00039196262326749002269306378265465,0.1732158660888672
10,50,9,0.2,allzero,pauli,0.00039196262326749006701248623230072,1.1794366836547852
10,50,9,0.3,allzero,comp,0.000021081158408902223930025632304424,0.10225296020507812
10,50,9,0.3,allzero,pauli,0.000021081158408902223673399983772114,5.271615266799927
10,50,9,0.4,allzero,comp,0.0012054154359786032888206042046861,0.07401537895202637
10,50,9,0.4,allzero,pauli,0.0012054154359786033081508582753827,20.55184555053711
10,50,9,0.5,allzero,comp,0.00078773636586239129681653750785490,0.056351423263549805
10,50,9,0.5,allzero,pauli,0.00078773636586239119926344809385910,8.697323322296143
10,50,9,0.6,allzero,comp,0.0014164944310026343075247816624980,0.04475092887878418
10,50,9,0.6,allzero,pauli,0.0014164944310026341030284147137763,19.546037673950195
10,50,9,0.7,allzero,comp,0.0027225523620952196526081180550139,0.037043094635009766
10,50,9,0.7,allzero,pauli,TIMEOUT,30.03556227684021
10,50,9,0.8,allzero,comp,0.000043848583197775618909845261914186,0.054262399673461914
10,50,9,0.8,allzero,pauli,0.000043848583197775619290596088584167,2.660332679748535
10,50,9,0.9,allzero,comp,0.0018816178665006217070913395869716,0.011518239974975586
10,50,9,0.9,allzero,pauli,0.0018816178665006220473154829875284,0.05313825607299805
10,50,10,0.1,allzero,comp,0.0012666655473147546540355816779586,0.29093170166015625
10,50,10,0.1,allzero,pauli,0.0012666655473147546504680827084144,0.2858114242553711
10,50,10,0.2,allzero,comp,0.0012477942189096802573612461677798,0.2183210849761963
10,50,10,0.2,allzero,pauli,0.0012477942189096800831155098521208,6.6371049880981445
10,50,10,0.3,allzero,comp,0.00034860167407405928654576156635523,0.21299195289611816
10,50,10,0.3,allzero,pauli,0.00034860167407405935223116411059152,26.563437461853027
10,50,10,0.4,allzero,comp,0.00028172978452090642985282303573099,0.2306056022644043
10,50,10,0.4,allzero,pauli,TIMEOUT,30.034658432006836
10,50,10,0.5,allzero,comp,0.00079640403831013439561107856713524,0.11039948463439941
10,50,10,0.5,allzero,pauli,TIMEOUT,30.036052942276
10,50,10,0.6,allzero,comp,0.000014189414650383336579327975519989,0.04784226417541504
10,50,10,0.6,allzero,pauli,TIMEOUT,30.033772706985474
10,50,10,0.7,allzero,comp,0.0016000914185573597861014319311330,0.025361061096191406
10,50,10,0.7,allzero,pauli,0.0016000914185573598784440019215936,6.3744895458221436
10,50,10,0.8,allzero,comp,0.000415802001953125,0.018659353256225586
10,50,10,0.8,allzero,pauli,0.000415802001953125,0.9545674324035645
10,50,10,0.9,allzero,comp,0.00012207031250000001668898598061993,0.011178731918334961
10,50,10,0.9,allzero,pauli,0.0001220703125,0.1019294261932373
10,100,0,0.1,allzero,comp,0.0018152424788209388878759765374940,3.9106390476226807
10,100,0,0.1,allzero,pauli,TIMEOUT,30.020986795425415
10,100,0,0.2,allzero,comp,0.0017828219340791827121460841639584,1.6617867946624756
10,100,0,0.2,allzero,pauli,TIMEOUT,30.03754186630249
10,100,0,0.3,allzero,comp,0.00092406917679065267278547839232694,2.3518948554992676
10,100,0,0.3,allzero,pauli,TIMEOUT,30.03822422027588
10,100,0,0.4,allzero,comp,0.000012111594694566329911233013981915,2.219527006149292
10,100,0,0.4,allzero,pauli,TIMEOUT,30.039453268051147
10,100,0,0.5,allzero,comp,0.00040995861568834915282272547209278,1.917726755142212
10,100,0,0.5,allzero,pauli,TIMEOUT,30.031712532043457
10,100,0,0.6,allzero,comp,0.0022025753031626922114236264623483,0.754472017288208
10,100,0,0.6,allzero,pauli,TIMEOUT,30.039759159088135
10,100,0,0.7,allzero,comp,0.00049464633870479404650089736701574,0.587059497833252
10,100,0,0.7,allzero,pauli,TIMEOUT,30.039114952087402
10,100,0,0.8,allzero,comp,0.0013952153766081536103766704439004,0.42942333221435547
10,100,0,0.8,allzero,pauli,TIMEOUT,30.03920578956604
10,100,0,0.9,allzero,comp,0.00017554987059041944035147248553339,0.1330394744873047
10,100,0,0.9,allzero,pauli,TIMEOUT,30.039390563964844
10,100,1,0.1,allzero,comp,0.00096092892274491439674882197571607,3.5038859844207764
10,100,1,0.1,allzero,pauli,TIMEOUT,30.03774380683899
10,100,1,0.2,allzero,comp,0.0011777142688208083147080483157240,3.321413040161133
10,100,1,0.2,allzero,pauli,TIMEOUT,30.03882122039795
10,100,1,0.3,allzero,comp,0.0010043222376541535287933737094627,3.1076748371124268
10,100,1,0.3,allzero,pauli,TIMEOUT,30.038150787353516
10,100,1,0.4,allzero,comp,0.0012452613642796323652817813023557,2.642857074737549
10,100,1,0.4,allzero,pauli,TIMEOUT,30.03831148147583
10,100,1,0.5,allzero,comp,0.00089026659018710409729662322448389,2.4956438541412354
10,100,1,0.5,allzero,pauli,TIMEOUT,30.039445638656616
10,100,1,0.6,allzero,comp,0.00045185362346084579282477618483979,1.9453825950622559
10,100,1,0.6,allzero,pauli,TIMEOUT,30.038509845733643
10,100,1,0.7,allzero,comp,0.0015601970929713615365829138502617,1.7077932357788086
10,100,1,0.7,allzero,pauli,TIMEOUT,30.038962841033936
10,100,1,0.8,allzero,comp,0.00021317821849457556814699727868573,0.7338001728057861
10,100,1,0.8,allzero,pauli,TIMEOUT,30.029934883117676
10,100,1,0.9,allzero,comp,0.00034875230014457453239072462204859,0.21045613288879395
10,100,1,0.9,allzero,pauli,TIMEOUT,30.013578414916992
10,100,2,0.1,allzero,comp,0.0020991175365181127456608450640729,8.142388582229614
10,100,2,0.1,allzero,pauli,TIMEOUT,30.037738800048828
10,100,2,0.2,allzero,comp,0.00058771110862329126853520550031842,9.648459672927856
10,100,2,0.2,allzero,pauli,TIMEOUT,30.02260446548462
10,100,2,0.3,allzero,comp,0.00025865984885222694356933865858159,2.7015230655670166
10,100,2,0.3,allzero,pauli,TIMEOUT,30.038349866867065
10,100,2,0.4,allzero,comp,0.00097535215361270108356403727815230,1.986194133758545
10,100,2,0.4,allzero,pauli,TIMEOUT,30.010192394256592
10,100,2,0.5,allzero,comp,0.00052428342441214446130251383201197,1.659498929977417
10,100,2,0.5,allzero,pauli,TIMEOUT,30.039145469665527
10,100,2,0.6,allzero,comp,0.00035610884911259028740481671437592,1.4533865451812744
10,100,2,0.6,allzero,pauli,TIMEOUT,30.039337635040283
10,100,2,0.7,allzero,comp,0.0010328978672168411224443352267579,1.5155956745147705
10,100,2,0.7,allzero,pauli,TIMEOUT,30.03883147239685
10,100,2,0.8,allzero,comp,0.0047565395438519283843999368519134,0.3696451187133789
10,100,2,0.8,allzero,pauli,TIMEOUT,30.039506912231445
10,100,2,0.9,allzero,comp,0.00083842760904384445412525044226312,0.0675516128540039
10,100,2,0.9,allzero,pauli,TIMEOUT,30.0398268699646
10,100,3,0.1,allzero,comp,0.00068029426700321523243990133455011,3.4908103942871094
10,100,3,0.1,allzero,pauli,TIMEOUT,30.037166118621826
10,100,3,0.2,allzero,comp,0.00093011293141991460357657197444616,3.3071701526641846
10,100,3,0.2,allzero,pauli,TIMEOUT,30.03967809677124
10,100,3,0.3,allzero,comp,0.0026913814250643372348507641836510,2.7146525382995605
10,100,3,0.3,allzero,pauli,TIMEOUT,30.03840160369873
10,100,3,0.4,allzero,comp,0.0010408363466033871722412088748288,2.782851219177246
10,100,3,0.4,allzero,pauli,TIMEOUT,30.038076162338257
10,100,3,0.5,allzero,comp,0.00099514159832799508412353398022063,1.54587984085083
10,100,3,0.5,allzero,pauli,TIMEOUT,30.121893882751465
10,100,3,0.6,allzero,comp,0.00087134914133055900284061264842425,1.0103929042816162
10,100,3,0.6,allzero,pauli,TIMEOUT,30.038922548294067
10,100,3,0.7,allzero,comp,0.00097603795926162276324107794803799,0.5904040336608887
10,100,3,0.7,allzero,pauli,TIMEOUT,30.039098262786865
10,100,3,0.8,allzero,comp,0.000090424657579817427433835137035270,0.26015734672546387
10,100,3,0.8,allzero,pauli,TIMEOUT,30.039655447006226
10,100,3,0.9,allzero,comp,0.00024567421056195580076122379883622,0.09364819526672363
10,100,3,0.9,allzero,pauli,TIMEOUT,30.038729190826416
10,100,4,0.1,allzero,comp,0.00067297965589531470082884785611855,2.9009082317352295
10,100,4,0.1,allzero,pauli,TIMEOUT,30.037611484527588
10,100,4,0.2,allzero,comp,0.00028725577069504834941885065824124,2.6974270343780518
10,100,4,0.2,allzero,pauli,TIMEOUT,30.037721395492554
10,100,4,0.3,allzero,comp,0.00026659887018782694514182709425314,2.265460968017578
10,100,4,0.3,allzero,pauli,TIMEOUT,30.02126383781433
10,100,4,0.4,allzero,comp,0.0030689161248755359911855880488854,2.0093789100646973
10,100,4,0.4,allzero,pauli,TIMEOUT,30.04204821586609
10,100,4,0.5,allzero,comp,0.00029906840944998581022406751339665,1.363823413848877
10,100,4,0.5,allzero,pauli,TIMEOUT,30.039008140563965
10,100,4,0.6,allzero,comp,0.00085042528495946136404080918064228,1.2324283123016357
10,100,4,0.6,allzero,pauli,TIMEOUT,30.038971424102783
10,100,4,0.7,allzero,comp,0.0024398882877691956485542268472570,0.6894218921661377
10,100,4,0.7,allzero,pauli,TIMEOUT,30.03986406326294
10,100,4,0.8,allzero,comp,0.0013752580388214600494633920476634,0.4797933101654053
10,100,4,0.8,allzero,pauli,TIMEOUT,30.03901982307434
10,100,4,0.9,allzero,comp,0.00023464100434746900393354727662017,0.08930158615112305
10,100,4,0.9,allzero,pauli,TIMEOUT,30.039886951446533
10,100,5,0.1,allzero,comp,0.0020684199344729043752959815977233,4.141594171524048
10,100,5,0.1,allzero,pauli,TIMEOUT,30.0381600856781
10,100,5,0.2,allzero,comp,0.00042851441555826226992506545935654,4.612194299697876
10,100,5,0.2,allzero,pauli,TIMEOUT,30.03874444961548
10,100,5,0.3,allzero,comp,0.0022511384639496534818572292249728,3.379032611846924
10,100,5,0.3,allzero,pauli,TIMEOUT,30.03972339630127
10,100,5,0.4,allzero,comp,0.0012230045856473793903761287414153,3.600304365158081
10,100,5,0.4,allzero,pauli,TIMEOUT,30.03759527206421
10,100,5,0.5,allzero,comp,0.00099367801091522105143030160987841,2.2484538555145264
10,100,5,0.5,allzero,pauli,TIMEOUT,30.038962841033936
10,100,5,0.6,allzero,comp,0.0017504362801674335806982671943818,1.6878538131713867
10,100,5,0.6,allzero,pauli,TIMEOUT,30.03803324699402
10,100,5,0.7,allzero,comp,0.0013125132785211717413192631347818,1.8280720710754395
10,100,5,0.7,allzero,pauli,TIMEOUT,30.038063764572144
10,100,5,0.8,allzero,comp,0.00051786294623022595288169576701120,0.4642465114593506
10,100,5,0.8,allzero,pauli,TIMEOUT,30.038989305496216
10,100,5,0.9,allzero,comp,0.0019702830862974145427695195882938,0.13888883590698242
10,100,5,0.9,allzero,pauli,TIMEOUT,30.03874897956848
10,100,6,0.1,allzero,comp,0.00041666323306472771751001342940354,3.2419190406799316
10,100,6,0.1,allzero,pauli,TIMEOUT,30.03742742538452
10,100,6,0.2,allzero,comp,0.00016681348199301543920828608505841,1.5793569087982178
10,100,6,0.2,allzero,pauli,TIMEOUT,30.03741693496704
10,100,6,0.3,allzero,comp,0.00016083689048904477076442391807444,1.5973560810089111
10,100,6,0.3,allzero,pauli,TIMEOUT,30.035237789154053
10,100,6,0.4,allzero,comp,0.0059595056102483743564691476059523,1.9123218059539795
10,100,6,0.4,allzero,pauli,TIMEOUT,30.038794994354248
10,100,6,0.5,allzero,comp,0.0019378084863929341914257222945324,1.1956522464752197
10,100,6,0.5,allzero,pauli,TIMEOUT,30.07561731338501
10,100,6,0.6,allzero,comp,0.00041482062101063884180903011850177,1.6712405681610107
10,100,6,0.6,allzero,pauli,TIMEOUT,30.038701057434082
10,100,6,0.7,allzero,comp,0.0020127146929032217379628945248340,0.9455664157867432
10,100,6,0.7,allzero,pauli,TIMEOUT,30.039186000823975
10,100,6,0.8,allzero,comp,0.00059786110104294636269319255591086,0.3129105567932129
10,100,6,0.8,allzero,pauli,TIMEOUT,30.039732217788696
10,100,6,0.9,allzero,comp,0.00055845284458415535007687202921028,0.1283421516418457
10,100,6,0.9,allzero,pauli,TIMEOUT,30.039534091949463
10,100,7,0.1,allzero,comp,0.00014087005534576096448344181469264,1.545680284500122
10,100,7,0.1,allzero,pauli,TIMEOUT,30.0374014377594
10,100,7,0.2,allzero,comp,0.0020139945093516233505570988279801,2.2871570587158203
10,100,7,0.2,allzero,pauli,TIMEOUT,30.03976058959961
10,100,7,0.3,allzero,comp,0.0015476601841299587632423286117598,2.025912046432495
10,100,7,0.3,allzero,pauli,TIMEOUT,30.037567377090454
10,100,7,0.4,allzero,comp,0.00011839879335411443357599821095371,2.094738721847534
10,100,7,0.4,allzero,pauli,TIMEOUT,30.038429737091064
10,100,7,0.5,allzero,comp,0.0011263870727967326773951730886669,1.3689687252044678
10,100,7,0.5,allzero,pauli,TIMEOUT,30.03843331336975
10,100,7,0.6,allzero,comp,0.00015066252649279868500672116435224,0.7396955490112305
10,100,7,0.6,allzero,pauli,TIMEOUT,30.038546323776245
10,100,7,0.7,allzero,comp,0.0018516782258448225301957748485343,0.8394534587860107
10,100,7,0.7,allzero,pauli,TIMEOUT,30.03891110420227
10,100,7,0.8,allzero,comp,0.00039630690400320076723070189400979,0.4786643981933594
10,100,7,0.8,allzero,pauli,TIMEOUT,30.04011082649231
10,100,7,0.9,allzero,comp,0.0032961028477072042790157657769398,0.2545511722564697
10,100,7,0.9,allzero,pauli,TIMEOUT,30.039708137512207
10,100,8,0.1,allzero,comp,0.00049636933363777429005247578802900,6.112292289733887
10,100,8,0.1,allzero,pauli,TIMEOUT,30.037634134292603
10,100,8,0.2,allzero,comp,0.00041699316789325567198679050373826,3.1025288105010986
10,100,8,0.2,allzero,pauli,TIMEOUT,30.026984453201294
10,100,8,0.3,allzero,comp,0.00094766880855556166443890768615847,3.2584733963012695
10,100,8,0.3,allzero,pauli,TIMEOUT,30.037513732910156
10,100,8,0.4,allzero,comp,0.00022356857038484232770607785449191,4.160411834716797
10,100,8,0.4,allzero,pauli,TIMEOUT,30.039124488830566
10,100,8,0.5,allzero,comp,0.0051373201881424216308618503537204,4.4057416915893555
10,100,8,0.5,allzero,pauli,TIMEOUT,30.038757801055908
10,100,8,0.6,allzero,comp,0.0010356254846256063303035011316070,2.1812326908111572
10,100,8,0.6,allzero,pauli,TIMEOUT,30.039185523986816
10,100,8,0.7,allzero,comp,0.0012809937568248810691084858399924,1.3330998420715332
10,100,8,0.7,allzero,pauli,TIMEOUT,30.03914189338684
10,100,8,0.8,allzero,comp,0.00033101318667201328587395328894849,0.678814172744751
10,100,8,0.8,allzero,pauli,TIMEOUT,30.040053367614746
10,100,8,0.9,allzero,comp,0.0017346208741359899832606507227440,0.1624462604522705
10,100,8,0.9,allzero,pauli,TIMEOUT,30.03905487060547
10,100,9,0.1,allzero,comp,0.0014459426952278548688526596991941,2.9206225872039795
10,100,9,0.1,allzero,pauli,TIMEOUT,30.038161993026733
10,100,9,0.2,allzero,comp,0.0010592081451085193396217728915336,2.3421380519866943
10,100,9,0.2,allzero,pauli,TIMEOUT,30.038456678390503
10,100,9,0.3,allzero,comp,0.00084733850899812603114528725427580,2.4312779903411865
10,100,9,0.3,allzero,pauli,TIMEOUT,30.037140130996704
10,100,9,0.4,allzero,comp,0.0017461593989708841092960077635359,1.8435709476470947
10,100,9,0.4,allzero,pauli,TIMEOUT,30.038341760635376
10,100,9,0.5,allzero,comp,0.00020386142005712075832656019090399,1.5166373252868652
10,100,9,0.5,allzero,pauli,TIMEOUT,30.039040565490723
10,100,9,0.6,allzero,comp,0.0011879428179919924685295913519815,1.0430316925048828
10,100,9,0.6,allzero,pauli,TIMEOUT,30.039045095443726
10,100,9,0.7,allzero,comp,0.00050629051002276898001661317394101,0.8914546966552734
10,100,9,0.7,allzero,pauli,TIMEOUT,30.03881335258484
10,100,9,0.8,allzero,comp,0.000046016668050666180640978918984065,0.39550304412841797
10,100,9,0.8,allzero,pauli,TIMEOUT,30.048540592193604
10,100,9,0.9,allzero,comp,0.0015733869557762507003791221514178,0.15070867538452148
10,100,9,0.9,allzero,pauli,TIMEOUT,30.038970708847046
10,100,10,0.1,allzero,comp,0.00067806460287249746701966079673910,1.2691802978515625
10,100,10,0.1,allzero,pauli,TIMEOUT,30.03921627998352
10,100,10,0.2,allzero,comp,0.00013621325704630004751060574252799,1.350811243057251
10,100,10,0.2,allzero,pauli,TIMEOUT,30.03887414932251
10,100,10,0.3,allzero,comp,0.0010650905467333670480445072467892,1.1450531482696533
10,100,10,0.3,allzero,pauli,TIMEOUT,30.038530349731445
10,100,10,0.4,allzero,comp,0.00053015337892100666527121319581920,1.0824077129364014
10,100,10,0.4,allzero,pauli,TIMEOUT,30.03867816925049
10,100,10,0.5,allzero,comp,0.0014739532522040707090238021227814,0.7879700660705566
10,100,10,0.5,allzero,pauli,TIMEOUT,30.04805016517639
10,100,10,0.6,allzero,comp,0.00055561148901021687559018289144373,0.9744157791137695
10,100,10,0.6,allzero,pauli,TIMEOUT,30.037728309631348
10,100,10,0.7,allzero,comp,0.00066807223608391502205815201891391,0.549079179763794
10,100,10,0.7,allzero,pauli,TIMEOUT,30.038569927215576
10,100,10,0.8,allzero,comp,0.0011763098853072662343081236063778,0.1967301368713379
10,100,10,0.8,allzero,pauli,TIMEOUT,30.038853645324707
10,100,10,0.9,allzero,comp,0.00074779013673139674091085556829016,0.05604887008666992
10,100,10,0.9,allzero,pauli,TIMEOUT,30.040061950683594
