qubits,depth,seed,ratio,measurement,basis,result,time
5,10,0,0.1,allzero,comp,0.031250000000000004272380411038702,0.0071644783020019
5,10,0,0.1,allzero,pauli,0.03125,0.0022428035736083
5,10,0,0.2,allzero,comp,0.0053616523516815597125715153879564,0.0069022178649902
5,10,0,0.2,allzero,pauli,0.0053616523516815594793682997476481,0.0026047229766845
5,10,0,0.3,allzero,comp,0.16004126073623881313730787112371,0.0065925121307373
5,10,0,0.3,allzero,pauli,0.16004126073623883841356985158200,0.0025861263275146
5,10,0,0.4,allzero,comp,0.16004126073623881313730787112371,0.0064122676849365
5,10,0,0.4,allzero,pauli,0.16004126073623883841356985158200,0.0023818016052246
5,10,0,0.5,allzero,comp,0.18213834764831842717367860262183,0.0069587230682373
5,10,0,0.5,allzero,pauli,0.18213834764831843271437605835672,0.0027165412902832
5,10,0,0.6,allzero,comp,0.1250,0.0068364143371582
5,10,0,0.6,allzero,pauli,0.12500,0.00616455078125
5,10,0,0.7,allzero,comp,0,0.0066359043121337
5,10,0,0.7,allzero,pauli,0.00000,0.0063261985778808
5,10,0,0.8,allzero,comp,0,0.0066080093383789
5,10,0,0.8,allzero,pauli,0.00000,0.0064351558685302
5,10,0,0.9,allzero,comp,0.073223304703363118156825986079722,0.0026125907897949
5,10,0,0.9,allzero,pauli,0.073223304703363120693460075472103,0.0067477226257324
5,10,1,0.1,allzero,comp,0,0.0066502094268798
5,10,1,0.1,allzero,pauli,0.00000,0.0022478103637695
5,10,1,0.2,allzero,comp,0.031250,0.0063908100128173
5,10,1,0.2,allzero,pauli,0.03125,0.0021095275878906
5,10,1,0.3,allzero,comp,0.0091529130879203909962379816066646,0.0064969062805175
5,10,1,0.3,allzero,pauli,0.0091529130879203900866825094340129,0.002448558807373
5,10,1,0.4,allzero,comp,0.036611652351681563984951926426658,0.0061860084533691
5,10,1,0.4,allzero,pauli,0.036611652351681560346730037736052,0.0023455619812011
5,10,1,0.5,allzero,comp,0.1250,0.0066525936126708
5,10,1,0.5,allzero,pauli,0.12500,0.0022780895233154
5,10,1,0.6,allzero,comp,0.062500000000000008544760822077404,0.0067055225372314
5,10,1,0.6,allzero,pauli,0.06250,0.0022840499877929
5,10,1,0.7,allzero,comp,0.1250,0.0024864673614501
5,10,1,0.7,allzero,pauli,0.12500,0.0021734237670898
5,10,1,0.8,allzero,comp,0.0625,0.0024201869964599
5,10,1,0.8,allzero,pauli,0.06250,0.0023298263549804
5,10,1,0.9,allzero,comp,0.25,0.0027787685394287
5,10,1,0.9,allzero,pauli,0.25000,0.0023324489593505
5,10,2,0.1,allzero,comp,0.031250,0.0074822902679443
5,10,2,0.1,allzero,pauli,0.03125,0.0027062892913818
5,10,2,0.2,allzero,comp,0.018305826175840779539206496519931,0.0070033073425292
5,10,2,0.2,allzero,pauli,0.018305826175840780173365018868026,0.0024466514587402
5,10,2,0.3,allzero,comp,0.10669417382415921081649057344347,0.0070621967315673
5,10,2,0.3,allzero,pauli,0.10669417382415921635718802917836,0.0061862468719482
5,10,2,0.4,allzero,comp,0,0.0067896842956542
5,10,2,0.4,allzero,pauli,0.00000,0.0024354457855224
5,10,2,0.5,allzero,comp,0.053347086912079607861514753415132,0.0064890384674072
5,10,2,0.5,allzero,pauli,0.053347086912079608178594014589180,0.0024857521057128
5,10,2,0.6,allzero,comp,0.10669417382415921081649057344347,0.0025618076324462
5,10,2,0.6,allzero,pauli,0.10669417382415921635718802917836,0.0061647891998291
5,10,2,0.7,allzero,comp,0.0625,0.0025322437286376
5,10,2,0.7,allzero,pauli,0.06250,0.0022811889648437
5,10,2,0.8,allzero,comp,0.0625,0.0025830268859863
5,10,2,0.8,allzero,pauli,0.06250,0.0021393299102783
5,10,2,0.9,allzero,comp,0.0625,0.0024194717407226
5,10,2,0.9,allzero,pauli,0.06250,0.0021772384643554
5,10,3,0.1,allzero,comp,0.0625,0.0074203014373779
5,10,3,0.1,allzero,pauli,0.06250,0.0027012825012207
5,10,3,0.2,allzero,comp,0.0625,0.0067384243011474
5,10,3,0.2,allzero,pauli,0.06250,0.0029695034027099
5,10,3,0.3,allzero,comp,0.10669417382415921081649057344347,0.0068027973175048
5,10,3,0.3,allzero,pauli,0.10669417382415921635718802917836,0.0021858215332031
5,10,3,0.4,allzero,comp,0.21338834764831843144605901366053,0.0068118572235107
5,10,3,0.4,allzero,pauli,0.21338834764831843271437605835672,0.0024309158325195
5,10,3,0.5,allzero,comp,0.093750000000000004272380411038702,0.0063879489898681
5,10,3,0.5,allzero,pauli,0.09375,0.0023872852325439
5,10,3,0.6,allzero,comp,0.031250000000000004272380411038702,0.0066893100738525
5,10,3,0.6,allzero,pauli,0.03125,0.0026416778564453
5,10,3,0.7,allzero,comp,0.031250000000000004272380411038702,0.0067548751831054
5,10,3,0.7,allzero,pauli,0.03125,0.0024867057800292
5,10,3,0.8,allzero,comp,0.85355339059327372578423605464212,0.00278902053833
5,10,3,0.8,allzero,pauli,0.85355339059327373085750423342688,0.0025629997253417
5,10,3,0.9,allzero,comp,0.50000000000000006835808657661923,0.0024154186248779
5,10,3,0.9,allzero,pauli,0.50000,0.0022549629211425
5,10,4,0.1,allzero,comp,0.062500000000000008544760822077404,0.0081367492675781
5,10,4,0.1,allzero,pauli,0.06250,0.002629280090332
5,10,4,0.2,allzero,comp,0.18213834764831842163298114688694,0.0072259902954101
5,10,4,0.2,allzero,pauli,0.18213834764831843271437605835672,0.0027511119842529
5,10,4,0.3,allzero,comp,0.031250000000000004272380411038702,0.0070040225982666
5,10,4,0.3,allzero,pauli,0.03125,0.0056803226470947
5,10,4,0.4,allzero,comp,0.00781250,0.0065929889678955
5,10,4,0.4,allzero,pauli,0.0078125,0.002415657043457
5,10,4,0.5,allzero,comp,0.046874999999999996721562529502446,0.0066699981689453
5,10,4,0.5,allzero,pauli,0.046875,0.0023248195648193
5,10,4,0.6,allzero,comp,0,0.0027494430541992
5,10,4,0.6,allzero,pauli,0.00000,0.0022861957550048
5,10,4,0.7,allzero,comp,0,0.0027754306793212
5,10,4,0.7,allzero,pauli,0.00000,0.0032706260681152
5,10,4,0.8,allzero,comp,0,0.0026240348815917
5,10,4,0.8,allzero,pauli,0.00000,0.0022778511047363
5,10,4,0.9,allzero,comp,0.25,0.0025749206542968
5,10,4,0.9,allzero,pauli,0.25000,0.0024585723876953
5,10,5,0.1,allzero,comp,0.0091529130879203909962379816066646,0.007045030593872
5,10,5,0.1,allzero,pauli,0.0091529130879203900866825094340129,0.0021669864654541
5,10,5,0.2,allzero,comp,0.0091529130879203909962379816066646,0.007319688796997
5,10,5,0.2,allzero,pauli,0.0091529130879203900866825094340129,0.0021450519561767
5,10,5,0.3,allzero,comp,0.015625000000000000000000000000000,0.0071516036987304
5,10,5,0.3,allzero,pauli,0.015625,0.0021789073944091
5,10,5,0.4,allzero,comp,0.013336771728019901965378688353783,0.0067970752716064
5,10,5,0.4,allzero,pauli,0.013336771728019902044648503647295,0.0025665760040283
5,10,5,0.5,allzero,comp,0.15546480419227862169920723139352,0.0068123340606689
5,10,5,0.5,allzero,pauli,0.15546480419227862168618514715490,0.002554178237915
5,10,5,0.6,allzero,comp,0.031250000000000004272380411038702,0.0066859722137451
5,10,5,0.6,allzero,pauli,0.03125,0.002173900604248
5,10,5,0.7,allzero,comp,0.0625,0.0065741539001464
5,10,5,0.7,allzero,pauli,0.06250,0.0024116039276123
5,10,5,0.8,allzero,comp,0.0625,0.0065076351165771
5,10,5,0.8,allzero,pauli,0.06250,0.0027642250061035
5,10,5,0.9,allzero,comp,0.25,0.0024268627166748
5,10,5,0.9,allzero,pauli,0.25000,0.0023524761199951
5,10,6,0.1,allzero,comp,0.0091529130879203909962379816066646,0.0068945884704589
5,10,6,0.1,allzero,pauli,0.0091529130879203900866825094340129,0.0023262500762939
5,10,6,0.2,allzero,comp,0.018305826175840779539206496519931,0.0069105625152587
5,10,6,0.2,allzero,pauli,0.018305826175840780173365018868026,0.0028090476989746
5,10,6,0.3,allzero,comp,0,0.0067036151885986
5,10,6,0.3,allzero,pauli,0.00000,0.0063908100128173
5,10,6,0.4,allzero,comp,0,0.0065665245056152
5,10,6,0.4,allzero,pauli,0.00000,0.0061283111572265
5,10,6,0.5,allzero,comp,0.053347086912079607861514753415132,0.0024867057800292
5,10,6,0.5,allzero,pauli,0.053347086912079608178594014589180,0.0020642280578613
5,10,6,0.6,allzero,comp,0.053347086912079607861514753415132,0.0025370121002197
5,10,6,0.6,allzero,pauli,0.053347086912079608178594014589180,0.0020749568939208
5,10,6,0.7,allzero,comp,0.21338834764831843144605901366053,0.002516746520996
5,10,6,0.7,allzero,pauli,0.21338834764831843271437605835672,0.0021650791168212
5,10,6,0.8,allzero,comp,0.12500000000000001708952164415481,0.0024781227111816
5,10,6,0.8,allzero,pauli,0.12500,0.0021827220916748
5,10,6,0.9,allzero,comp,0.50000000000000006835808657661923,0.0026497840881347
5,10,6,0.9,allzero,pauli,0.50000,0.0024216175079345
5,10,7,0.1,allzero,comp,0.0625,0.0074310302734375
5,10,7,0.1,allzero,pauli,0.06250,0.0025827884674072
5,10,7,0.2,allzero,comp,0.018305826175840779539206496519931,0.006920576095581
5,10,7,0.2,allzero,pauli,0.018305826175840780173365018868026,0.0021805763244628
5,10,7,0.3,allzero,comp,0.0091529130879203909962379816066646,0.0068981647491455
5,10,7,0.3,allzero,pauli,0.0091529130879203900866825094340129,0.0022814273834228
5,10,7,0.4,allzero,comp,0.062500000000000000000000000000000,0.0066428184509277
5,10,7,0.4,allzero,pauli,0.06250,0.0063254833221435
5,10,7,0.5,allzero,comp,0.031250,0.0068943500518798
5,10,7,0.5,allzero,pauli,0.03125,0.0062096118927001
5,10,7,0.6,allzero,comp,0.026673543456039802704122643360867,0.0073029994964599
5,10,7,0.6,allzero,pauli,0.026673543456039804089297007294590,0.0027620792388916
5,10,7,0.7,allzero,comp,0.10669417382415921081649057344347,0.0066344738006591
5,10,7,0.7,allzero,pauli,0.10669417382415921635718802917836,0.005613088607788
5,10,7,0.8,allzero,comp,0.0091529130879203909962379816066646,0.0069160461425781
5,10,7,0.8,allzero,pauli,0.0091529130879203900866825094340129,0.0067446231842041
5,10,7,0.9,allzero,comp,0,0.0024740695953369
5,10,7,0.9,allzero,pauli,0.00000,0.0060501098632812
5,10,8,0.1,allzero,comp,0.1250,0.0072302818298339
5,10,8,0.1,allzero,pauli,0.12500,0.0022437572479248
5,10,8,0.2,allzero,comp,0.062500000000000008544760822077404,0.0070154666900634
5,10,8,0.2,allzero,pauli,0.06250,0.0021605491638183
5,10,8,0.3,allzero,comp,0.053347086912079607861514753415132,0.0075953006744384
5,10,8,0.3,allzero,pauli,0.053347086912079608178594014589180,0.002335786819458
5,10,8,0.4,allzero,comp,0,0.0071687698364257
5,10,8,0.4,allzero,pauli,0.00000,0.0021843910217285
5,10,8,0.5,allzero,comp,0,0.0065138339996337
5,10,8,0.5,allzero,pauli,0.00000,0.0026338100433349
5,10,8,0.6,allzero,comp,0.091069173824159210816490573443468,0.0067098140716552
5,10,8,0.6,allzero,pauli,0.091069173824159216357188029178360,0.0026023387908935
5,10,8,0.7,allzero,comp,0.18213834764831842717367860262183,0.0026559829711914
5,10,8,0.7,allzero,pauli,0.18213834764831843271437605835672,0.0024666786193847
5,10,8,0.8,allzero,comp,0.10669417382415921081649057344347,0.002535343170166
5,10,8,0.8,allzero,pauli,0.10669417382415921635718802917836,0.0063397884368896
5,10,8,0.9,allzero,comp,0.12500000000000001708952164415481,0.0024173259735107
5,10,8,0.9,allzero,pauli,0.12500,0.0023307800292968
5,10,9,0.1,allzero,comp,0,0.0068092346191406
5,10,9,0.1,allzero,pauli,0.00000,0.0021841526031494
5,10,9,0.2,allzero,comp,0.031250000000000004272380411038702,0.0068223476409912
5,10,9,0.2,allzero,pauli,0.03125,0.0022270679473876
5,10,9,0.3,allzero,comp,0.0625,0.0062990188598632
5,10,9,0.3,allzero,pauli,0.06250,0.0022339820861816
5,10,9,0.4,allzero,comp,0.0625,0.006310224533081
5,10,9,0.4,allzero,pauli,0.06250,0.0022835731506347
5,10,9,0.5,allzero,comp,0.0625,0.0062944889068603
5,10,9,0.5,allzero,pauli,0.06250,0.0021700859069824
5,10,9,0.6,allzero,comp,0.10669417382415921081649057344347,0.0025327205657958
5,10,9,0.6,allzero,pauli,0.10669417382415921635718802917836,0.0023407936096191
5,10,9,0.7,allzero,comp,0.21338834764831843144605901366053,0.0024707317352294
5,10,9,0.7,allzero,pauli,0.21338834764831843271437605835672,0.0022602081298828
5,10,9,0.8,allzero,comp,0.50000000000000006835808657661923,0.0025005340576171
5,10,9,0.8,allzero,pauli,0.50000,0.0025956630706787
5,10,9,0.9,allzero,comp,0.50000000000000006835808657661923,0.0024728775024414
5,10,9,0.9,allzero,pauli,0.50000,0.0022494792938232
5,10,10,0.1,allzero,comp,0.031250000000000004272380411038702,0.007054328918457
5,10,10,0.1,allzero,pauli,0.03125,0.0021615028381347
5,10,10,0.2,allzero,comp,0,0.0068652629852294
5,10,10,0.2,allzero,pauli,0.00000,0.0024359226226806
5,10,10,0.3,allzero,comp,0.0091529130879203909962379816066646,0.0070636272430419
5,10,10,0.3,allzero,pauli,0.0091529130879203900866825094340129,0.0027363300323486
5,10,10,0.4,allzero,comp,0.031250000000000004272380411038702,0.006908893585205
5,10,10,0.4,allzero,pauli,0.03125,0.0066959857940673
5,10,10,0.5,allzero,comp,0.031250,0.006622314453125
5,10,10,0.5,allzero,pauli,0.03125,0.0064916610717773
5,10,10,0.6,allzero,comp,0.0026808261758407798562857576939782,0.0064504146575927
5,10,10,0.6,allzero,pauli,0.0026808261758407797396841498738240,0.0063018798828125
5,10,10,0.7,allzero,comp,0.031250000000000004272380411038702,0.0064034461975097
5,10,10,0.7,allzero,pauli,0.03125,0.0022757053375244
5,10,10,0.8,allzero,comp,0.21338834764831843144605901366053,0.0026662349700927
5,10,10,0.8,allzero,pauli,0.21338834764831843271437605835672,0.0064814090728759
5,10,10,0.9,allzero,comp,0.50000000000000006835808657661923,0.002709150314331
5,10,10,0.9,allzero,pauli,0.50000,0.0024418830871582
5,50,0,0.1,allzero,comp,0.021136131134962681012945694775538,0.0153620243072509
5,50,0,0.1,allzero,pauli,0.021136131134962682365241448678717,0.0411384105682373
5,50,0,0.2,allzero,comp,0.011146692932004974645428148453247,0.0138173103332519
5,50,0,0.2,allzero,pauli,0.011146692932004976378523863900227,0.0377027988433837
5,50,0,0.3,allzero,comp,0.039290060750564361366297613087327,0.013627290725708
5,50,0,0.3,allzero,pauli,0.039290060750564362312964306056529,0.059335708618164
5,50,0,0.4,allzero,comp,0.076092128550778293764698692054355,0.0127840042114257
5,50,0,0.4,allzero,pauli,0.076092128550778292961354054568801,0.0826418399810791
5,50,0,0.5,allzero,comp,0.015124450065504351948196437190132,0.0122425556182861
5,50,0,0.5,allzero,pauli,0.015124450065504353030165773930094,0.121896743774414
5,50,0,0.6,allzero,comp,0.025042381134962681389930361428563,0.0106964111328125
5,50,0,0.6,allzero,pauli,0.025042381134962682365241448678717,0.1017606258392334
5,50,0,0.7,allzero,comp,0.031250,0.0097591876983642
5,50,0,0.7,allzero,pauli,0.03125,0.0248067378997802
5,50,0,0.8,allzero,comp,0.035826456543960192156646630446785,0.0087425708770751
5,50,0,0.8,allzero,pauli,0.035826456543960195910702992705410,0.0248067378997802
5,50,0,0.9,allzero,comp,0.018305826175840779539206496519931,0.0083448886871337
5,50,0,0.9,allzero,pauli,0.018305826175840780173365018868026,0.0094397068023681
5,50,1,0.1,allzero,comp,0.011441141359900488259002295992508,0.0170245170593261
5,50,1,0.1,allzero,pauli,0.011441141359900488042034005786718,0.0209825038909912
5,50,1,0.2,allzero,comp,0.026101486388044781616813549777831,0.0172517299652099
5,50,1,0.2,allzero,pauli,0.026101486388044780467820871194817,0.0257050991058349
5,50,1,0.3,allzero,comp,0.039849950377054735678672861529816,0.0166940689086914
5,50,1,0.3,allzero,pauli,0.039849950377054729755421647041658,0.0638315677642822
5,50,1,0.4,allzero,comp,0.014199067276961438080484144349826,0.0148468017578125
5,50,1,0.4,allzero,pauli,0.014199067276961439137972220692063,0.0464770793914794
5,50,1,0.5,allzero,comp,0.023584724213947758023932295286622,0.0136191844940185
5,50,1,0.5,allzero,pauli,0.023584724213947756699116808931649,0.0489251613616943
5,50,1,0.6,allzero,comp,0.034469925980946512102746243764776,0.0127499103546142
5,50,1,0.6,allzero,pauli,0.034469925980946510002400628991381,0.0656287670135498
5,50,1,0.7,allzero,comp,0.028112106019925361494914515634414,0.0117161273956298
5,50,1,0.7,allzero,pauli,0.028112106019925364730482897357433,0.0325961112976074
5,50,1,0.8,allzero,comp,0.029114949706039803809759360233639,0.0116028785705566
5,50,1,0.8,allzero,pauli,0.029114949706039804089297007294590,0.0844721794128418
5,50,1,0.9,allzero,comp,0.00067020654396019496407143942349454,0.0100388526916503
5,50,1,0.9,allzero,pauli,0.00067020654396019493492103746845601,0.0252823829650878
5,50,2,0.1,allzero,comp,0.064591929320049760455352293976268,0.0168633460998535
5,50,2,0.1,allzero,pauli,0.064591929320049756846344735095045,0.0197741985321044
5,50,2,0.2,allzero,comp,0.0044783070679950235913483502152176,0.0165777206420898
5,50,2,0.2,allzero,pauli,0.0044783070679950244888378740881762,0.0169785022735595
5,50,2,0.3,allzero,comp,0.041301653533997508745220826365430,0.0151329040527343
5,50,2,0.3,allzero,pauli,0.041301653533997513545461544026693,0.0161342620849609
5,50,2,0.4,allzero,comp,0.022730848558904216304450495596825,0.014000654220581
5,50,2,0.4,allzero,pauli,0.022730848558904219458565165723485,0.0367481708526611
5,50,2,0.5,allzero,comp,0.037060300262017419364690754182525,0.0132741928100585
5,50,2,0.5,allzero,pauli,0.037060300262017412120663095720374,0.0375542640686035
5,50,2,0.6,allzero,comp,0.084680862730074646076146974773758,0.0122087001800537
5,50,2,0.6,allzero,pauli,0.084680862730074635269517102642567,0.0639436244964599
5,50,2,0.7,allzero,comp,0.012156212694894267768918643660080,0.0117945671081542
5,50,2,0.7,allzero,pauli,0.012156212694894268436240913899837,0.087303876876831
5,50,2,0.8,allzero,comp,0.0071997880879203904492110258519618,0.0100543498992919
5,50,2,0.8,allzero,pauli,0.0071997880879203900866825094340129,0.0543644428253173
5,50,2,0.9,allzero,comp,0.045534586912079605408245286721734,0.008509874343872
5,50,2,0.9,allzero,pauli,0.045534586912079608178594014589180,0.0140459537506103
5,50,3,0.1,allzero,comp,0.026673543456039802704122643360867,0.0143830776214599
5,50,3,0.1,allzero,pauli,0.026673543456039804089297007294590,0.018928050994873
5,50,3,0.2,allzero,comp,0.040010315184059703284326967780927,0.0134005546569824
5,50,3,0.2,allzero,pauli,0.040010315184059709603392462895499,0.0273010730743408
5,50,3,0.3,allzero,comp,0.0022759595874844513429776959927694,0.0130598545074462
5,50,3,0.3,allzero,pauli,0.0022759595874844509855172702827986,0.0472195148468017
5,50,3,0.4,allzero,comp,0.011691235748972633107621113308956,0.0125882625579833
5,50,3,0.4,allzero,pauli,0.011691235748972633387565700502364,0.0545055866241455
5,50,3,0.5,allzero,comp,0.016290996597011194394060741333779,0.0128571987152099
5,50,3,0.5,allzero,pauli,0.016290996597011195984316955787108,0.075554609298706
5,50,3,0.6,allzero,comp,0.044439547514072147794753100016353,0.0109508037567138
5,50,3,0.6,allzero,pauli,0.044439547514072148814978646669260,0.101560354232788
5,50,3,0.7,allzero,comp,0.010288607330012438691331917033702,0.0103952884674072
5,50,3,0.7,allzero,pauli,0.010288607330012439211586183773761,0.1035873889923095
5,50,3,0.8,allzero,comp,0.0072404429320049753062597840057266,0.0090787410736083
5,50,3,0.8,allzero,pauli,0.0072404429320049755111621259118238,0.0258123874664306
5,50,3,0.9,allzero,comp,0,0.0087001323699951
5,50,3,0.9,allzero,pauli,0.00000,0.0215363502502441
5,50,4,0.1,allzero,comp,0.0011441141359900487212004060324957,0.0131642818450927
5,50,4,0.1,allzero,pauli,0.0011441141359900487608353136792516,0.0246577262878417
5,50,4,0.2,allzero,comp,0.039033752684059703017303192091008,0.0128092765808105
5,50,4,0.2,allzero,pauli,0.039033752684059709603392462895499,0.0282173156738281
5,50,4,0.3,allzero,comp,0.017682499107300832045510440587902,0.0116312503814697
5,50,4,0.3,allzero,pauli,0.017682499107300832241751464835033,0.0285923480987548
5,50,4,0.4,allzero,comp,0.033839412083421487061904918430209,0.0106308460235595
5,50,4,0.4,allzero,pauli,0.033839412083421491206358666659071,0.0278763771057128
5,50,4,0.5,allzero,comp,0.057337112730074641193861281819407,0.0105443000793457
5,50,4,0.5,allzero,pauli,0.057337112730074635269517102642567,0.0309774875640869
5,50,4,0.6,allzero,comp,0.013336771728019901965378688353783,0.010066270828247
5,50,4,0.6,allzero,pauli,0.013336771728019902044648503647295,0.0255942344665527
5,50,4,0.7,allzero,comp,0.033538228271980096437596310581688,0.0090153217315673
5,50,4,0.7,allzero,pauli,0.033538228271980094485904544399091,0.01694917678833
5,50,4,0.8,allzero,comp,0.046204793456039801678221274785440,0.0092620849609375
5,50,4,0.8,allzero,pauli,0.046204793456039804089297007294590,0.0184516906738281
5,50,4,0.9,allzero,comp,0.053347086912079607861514753415132,0.0043396949768066
5,50,4,0.9,allzero,pauli,0.053347086912079608178594014589180,0.0143189430236816
5,50,5,0.1,allzero,comp,0.018554687499999996883357681149123,0.0170469284057617
5,50,5,0.1,allzero,pauli,0.0185546875,0.0264809131622314
5,50,5,0.2,allzero,comp,0.018889790771980097363130996771479,0.0156691074371337
5,50,5,0.2,allzero,pauli,0.018889790771980097955351496352705,0.0456564426422119
5,50,5,0.3,allzero,comp,0.026178691909511191599027283002380,0.0165657997131347
5,50,5,0.3,allzero,pauli,0.026178691909511195984316955787108,0.0920960903167724
5,50,5,0.4,allzero,comp,0.093970775685219326383300708156528,0.0144276618957519
5,50,5,0.4,allzero,pauli,0.093970775685219304351747382497706,0.1168355941772461
5,50,5,0.5,allzero,comp,0.029114949706039804205898615114744,0.0130176544189453
5,50,5,0.5,allzero,pauli,0.029114949706039804089297007294590,0.1436154842376709
5,50,5,0.6,allzero,comp,0.011367529252926610616696831269613,0.0125610828399658
5,50,5,0.6,allzero,pauli,0.011367529252926609692475601320893,0.0935921669006347
5,50,5,0.7,allzero,comp,0.010435831543960195350127793762371,0.011073350906372
5,50,5,0.7,allzero,pauli,0.010435831543960194175979516728603,0.0516676902770996
5,50,5,0.8,allzero,comp,0.083007812499999993408977491626075,0.010369062423706
5,50,5,0.8,allzero,pauli,0.0830078125,0.0657384395599365
5,50,5,0.9,allzero,comp,0.046874999999999996721562529502446,0.0086300373077392
5,50,5,0.9,allzero,pauli,0.046875,0.0203824043273925
5,50,6,0.1,allzero,comp,0,0.0148565769195556
5,50,6,0.1,allzero,pauli,0.00000,0.0202760696411132
5,50,6,0.2,allzero,comp,0.027245600524034832154438217909449,0.0146169662475585
5,50,6,0.2,allzero,pauli,0.027245600524034827710773143394363,0.0205872058868408
5,50,6,0.3,allzero,comp,0.12003094555217912993670115106494,0.0139176845550537
5,50,6,0.3,allzero,pauli,0.12003094555217912187128348477927,0.0366358757019043
5,50,6,0.4,allzero,comp,0.012290807067995025272760819648243,0.0124931335449218
5,50,6,0.4,allzero,pauli,0.012290807067995023621476136099773,0.0553998947143554
5,50,6,0.5,allzero,comp,0.0093754932259651709889981298879453,0.0120317935943603
5,50,6,0.5,allzero,pauli,0.0093754932259651705545033806288302,0.069934606552124
5,50,6,0.6,allzero,comp,0.038929032911565924051150406652084,0.0110993385314941
5,50,6,0.6,allzero,pauli,0.038929032911565929209185554782380,0.0766081809997558
5,50,6,0.7,allzero,comp,0.029067108032970143654589774031503,0.0104196071624755
5,50,6,0.7,allzero,pauli,0.029067108032970145198303768552250,0.0459818840026855
5,50,6,0.8,allzero,comp,0.022934845092029852201238778012366,0.0091559886932373
5,50,6,0.8,allzero,pauli,0.022934845092029854801696231447750,0.0178396701812744
5,50,6,0.9,allzero,comp,0.0091529130879203909962379816066646,0.0082285404205322
5,50,6,0.9,allzero,pauli,0.0091529130879203900866825094340129,0.0117013454437255
5,50,7,0.1,allzero,comp,0.046874999999999996721562529502446,0.0165588855743408
5,50,7,0.1,allzero,pauli,0.046875,0.0207622051239013
5,50,7,0.2,allzero,comp,0.026069251437858195597887564920023,0.0156722068786621
5,50,7,0.2,allzero,pauli,0.026069251437858195763475066542014,0.0258805751800537
5,50,7,0.3,allzero,comp,0.056450075057532192785167537159677,0.014843463897705
5,50,7,0.3,allzero,pauli,0.056450075057532189681808176828781,0.0617578029632568
5,50,7,0.4,allzero,comp,0.0072444216792828025249065332058759,0.0144050121307373
5,50,7,0.4,allzero,pauli,0.0072444216792828019027550290331874,0.2195158004760742
5,50,7,0.5,allzero,comp,0.073908198923703956248218215593424,0.0137867927551269
5,50,7,0.5,allzero,pauli,0.073908198923703954941188953853271,0.1829249858856201
5,50,7,0.6,allzero,comp,0.014459201561791776742356406685865,0.0132124423980712
5,50,7,0.6,allzero,pauli,0.014459201561791777679299997316775,0.1258268356323242
5,50,7,0.7,allzero,comp,0.091379739727148013503126831295805,0.0123775005340576
5,50,7,0.7,allzero,pauli,0.091379739727148023842318025344866,0.1159648895263671
5,50,7,0.8,allzero,comp,0.0075510088349937808163015017606762,0.0107865333557128
5,50,7,0.8,allzero,pauli,0.0075510088349937803942069081131194,0.1139144897460937
5,50,7,0.9,allzero,comp,0.070312499999999987533430724596493,0.0086898803710937
5,50,7,0.9,allzero,pauli,0.0703125,0.0228183269500732
5,50,8,0.1,allzero,comp,0.053347086912079607861514753415132,0.0160815715789794
5,50,8,0.1,allzero,pauli,0.053347086912079608178594014589180,0.0189189910888671
5,50,8,0.2,allzero,comp,0.045820615446077118258678007986825,0.0154688358306884
5,50,8,0.2,allzero,pauli,0.045820615446077121724055558615873,0.0266070365905761
5,50,8,0.3,allzero,comp,0.064940173185087070661035597662823,0.0135345458984375
5,50,8,0.3,allzero,pauli,0.064940173185087074481103286416328,0.0425164699554443
5,50,8,0.4,allzero,comp,0.021580941873069694270254244299693,0.0124120712280273
5,50,8,0.4,allzero,pauli,0.021580941873069695718934113415344,0.0569336414337158
5,50,8,0.5,allzero,comp,0.0085275713349937811058669264757587,0.0124294757843017
5,50,8,0.5,allzero,pauli,0.0085275713349937803942069081131194,0.0688667297363281
5,50,8,0.6,allzero,comp,0.0023825289573476215255626626570765,0.0104620456695556
5,50,8,0.6,allzero,pauli,0.0023825289573476213927927247482330,0.063173770904541
5,50,8,0.7,allzero,comp,0.10016880222714801706645076344762,0.010430097579956
5,50,8,0.7,allzero,pauli,0.10016880222714802384231802534487,0.0576112270355224
5,50,8,0.8,allzero,comp,0.011432721466002487322714074226623,0.0095438957214355
5,50,8,0.8,allzero,pauli,0.011432721466002488189261931950114,0.0484600067138671
5,50,8,0.9,allzero,comp,0.046874999999999996721562529502446,0.0086708068847656
5,50,8,0.9,allzero,pauli,0.046875,0.0170061588287353
5,50,9,0.1,allzero,comp,0.0022882282719800977490594954016662,0.0152230262756347
5,50,9,0.1,allzero,pauli,0.0022882282719800975216706273585032,0.0257351398468017
5,50,9,0.2,allzero,comp,0.026918917145952734227681603165308,0.0163543224334716
5,50,9,0.2,allzero,pauli,0.026918917145952733077640672831876,0.0318272113800048
5,50,9,0.3,allzero,comp,0.0033832676699875609980145961253386,0.0139083862304687
5,50,9,0.3,allzero,pauli,0.0033832676699875607884138162262389,0.0362577438354492
5,50,9,0.4,allzero,comp,0.040280045664788246432415043950942,0.0129756927490234
5,50,9,0.4,allzero,pauli,0.040280045664788252657295686276484,0.0771903991699218
5,50,9,0.5,allzero,comp,0.0082454444817170353441540756882370,0.012047529220581
5,50,9,0.5,allzero,pauli,0.0082454444817170371301306985856172,0.1230804920196533
5,50,9,0.6,allzero,comp,0.042531903837562193028324863276135,0.011629581451416
5,50,9,0.6,allzero,pauli,0.042531903837562196057930918868806,0.1171817779541015
5,50,9,0.7,allzero,comp,0.045820615446077117219797235036533,0.0104103088378906
5,50,9,0.7,allzero,pauli,0.045820615446077121724055558615873,0.0655498504638671
5,50,9,0.8,allzero,comp,0.011718750000000001068095102759676,0.0090284347534179
5,50,9,0.8,allzero,pauli,0.01171875,0.0167262554168701
5,50,9,0.9,allzero,comp,0.046875000000000004272380411038702,0.0079491138458251
5,50,9,0.9,allzero,pauli,0.046875,0.0183854103088378
5,50,10,0.1,allzero,comp,0.030105885864009947313461433391545,0.0175540447235107
5,50,10,0.1,allzero,pauli,0.030105885864009952757047727800455,0.0275607109069824
5,50,10,0.2,allzero,comp,0.0058145102089664138636897245188656,0.0161418914794921
5,50,10,0.2,allzero,pauli,0.0058145102089664146491343466038870,0.0334339141845703
5,50,10,0.3,allzero,comp,0.042306963349937807949789075425694,0.0151536464691162
5,50,10,0.3,allzero,pauli,0.042306963349937803942069081131194,0.0226755142211914
5,50,10,0.4,allzero,comp,0.065623520322104490463759390616625,0.0146009922027587
5,50,10,0.4,allzero,pauli,0.065623520322104486601766382136702,0.0441799163818359
5,50,10,0.5,allzero,comp,0.068713572629109459860392406126400,0.0132098197937011
5,50,10,0.5,allzero,pauli,0.068713572629109459510843294083315,0.0780892372131347
5,50,10,0.6,allzero,comp,0.086534195679977314553120103676874,0.0118732452392578
5,50,10,0.6,allzero,pauli,0.086534195679977304882513067241234,0.1535840034484863
5,50,10,0.7,allzero,comp,0.017075470092029855929243695677559,0.0105884075164794
5,50,10,0.7,allzero,pauli,0.017075470092029854801696231447750,0.0557570457458496
5,50,10,0.8,allzero,comp,0.068301880368119409497542294016324,0.0098321437835693
5,50,10,0.8,allzero,pauli,0.068301880368119419206784925790998,0.036116600036621
5,50,10,0.9,allzero,comp,0.031250,0.0082705020904541
5,50,10,0.9,allzero,pauli,0.03125,0.0162634849548339
5,100,0,0.1,allzero,comp,0.012238853482643406700390511592984,0.0353972911834716
5,100,0,0.1,allzero,pauli,0.012238853482643405334862052313838,0.1746633052825927
5,100,0,0.2,allzero,comp,0.031538291513375724681701015754564,0.0332016944885253
5,100,0,0.2,allzero,pauli,0.031538291513375726893286810081918,0.3409578800201416
5,100,0,0.3,allzero,comp,0.044409730450569064666488811035267,0.0307488441467285
5,100,0,0.3,allzero,pauli,0.044409730450569062654153640323784,0.4798214435577392
5,100,0,0.4,allzero,comp,0.0024400231324080739467363057892473,0.0283460617065429
5,100,0,0.4,allzero,pauli,0.0024400231324080735861858926227796,0.5490512847900391
5,100,0,0.5,allzero,comp,0.022291869657346828743944108789640,0.0257976055145263
5,100,0,0.5,allzero,pauli,0.022291869657346828625943402357734,0.8230588436126709
5,100,0,0.6,allzero,comp,0.021808584130137616590016646113867,0.0220835208892822
5,100,0,0.6,allzero,pauli,0.021808584130137618345424144195022,0.8288614749908447
5,100,0,0.7,allzero,comp,0.011647598213667574747907767851363,0.0189800262451171
5,100,0,0.7,allzero,pauli,0.011647598213667573543994571139137,0.6231372356414795
5,100,0,0.8,allzero,comp,0.070159269131856978817672503375797,0.0177161693572998
5,100,0,0.8,allzero,pauli,0.070159269131856979995198742017237,0.7270092964172363
5,100,0,0.9,allzero,comp,0.097214577358156733060693085907139,0.0148572921752929
5,100,0,0.9,allzero,pauli,0.097214577358156736841543477112282,0.2784373760223388
5,100,1,0.1,allzero,comp,0.0093407921459527328795833203408486,0.0353312492370605
5,100,1,0.1,allzero,pauli,0.0093407921459527313429171968550691,0.0734856128692627
5,100,1,0.2,allzero,comp,0.013821812974299517876233285766591,0.0327150821685791
5,100,1,0.2,allzero,pauli,0.013821812974299517093323963479179,0.3089354038238525
5,100,1,0.3,allzero,comp,0.016099116703527766499903228170642,0.031278371810913
5,100,1,0.3,allzero,pauli,0.016099116703527767413550719766135,0.4923148155212402
5,100,1,0.4,allzero,comp,0.032399374349703047384318229655629,0.0287575721740722
5,100,1,0.4,allzero,pauli,0.032399374349703045916637478285338,0.5225093364715576
5,100,1,0.5,allzero,comp,0.037231636326076300225039851095350,0.0248949527740478
5,100,1,0.5,allzero,pauli,0.037231636326076296417131317184612,0.5852198600769043
5,100,1,0.6,allzero,comp,0.0075148241549503066959705569663264,0.0218548774719238
5,100,1,0.6,allzero,pauli,0.0075148241549503058678283196059056,0.7947998046875
5,100,1,0.7,allzero,comp,0.033168578053101676014412381791658,0.0205037593841552
5,100,1,0.7,allzero,pauli,0.033168578053101679947722857377812,0.5005307197570801
5,100,1,0.8,allzero,comp,0.0010542039757472011699412164605142,0.0172340869903564
5,100,1,0.8,allzero,pauli,0.0010542039757472012207611955503239,0.5189578533172607
5,100,1,0.9,allzero,comp,0.064068946990037321427216297788843,0.0144064426422119
5,100,1,0.9,allzero,pauli,0.064068946990037317634758551321283,0.3401885032653808
5,100,2,0.1,allzero,comp,0.042886898577303799318893749887046,0.0396895408630371
5,100,2,0.1,allzero,pauli,0.042886898577303801671778415993685,0.1855044364929199
5,100,2,0.2,allzero,comp,0.0036756710956452491852963589621553,0.0362234115600585
5,100,2,0.2,allzero,pauli,0.0036756710956452492457258163227607,0.3884236812591553
5,100,2,0.3,allzero,comp,0.0093245510661933820128873849423761,0.0315713882446289
5,100,2,0.3,allzero,pauli,0.0093245510661933810048207504905804,0.4300649166107178
5,100,2,0.4,allzero,comp,0.034487930711625179337419675802043,0.0348310470581054
5,100,2,0.4,allzero,pauli,0.034487930711625182367274788930445,0.8190281391143799
5,100,2,0.5,allzero,comp,0.0038964573379011063754475479459537,0.026569128036499
5,100,2,0.5,allzero,pauli,0.0038964573379011062728705105939753,1.1940243244171145
5,100,2,0.6,allzero,comp,0.027692509710971794257781970766191,0.0234251022338867
5,100,2,0.6,allzero,pauli,0.027692509710971788955413686039719,0.9014441967010498
5,100,2,0.7,allzero,comp,0.016088075039836562757957149790614,0.0218582153320312
5,100,2,0.7,allzero,pauli,0.016088075039836564894546455661839,1.1904664039611816
5,100,2,0.8,allzero,comp,0.038410332069453602173384435427022,0.0195744037628173
5,100,2,0.8,allzero,pauli,0.038410332069453594072694357919318,1.0432674884796145
5,100,2,0.9,allzero,comp,0.0070250496229452677159783101404686,0.0154550075531005
5,100,2,0.9,allzero,pauli,0.0070250496229452676424931389931317,0.6758542060852051
5,100,3,0.1,allzero,comp,0.0032647907719800973631309967714794,0.0382144451141357
5,100,3,0.1,allzero,pauli,0.0032647907719800975216706273585032,0.0696909427642822
5,100,3,0.2,allzero,comp,0.025910066805643022191155669956552,0.0363385677337646
5,100,3,0.2,allzero,pauli,0.025910066805643023474248209936377,0.2508871555328369
5,100,3,0.3,allzero,comp,0.039256516564123630860124960087206,0.0352134704589843
5,100,3,0.3,allzero,pauli,0.039256516564123634938088258650168,0.4533979892730713
5,100,3,0.4,allzero,comp,0.0038490227499945388190173709540249,0.0287063121795654
5,100,3,0.4,allzero,pauli,0.0038490227499945392497515683771780,0.528104305267334
5,100,3,0.5,allzero,comp,0.019911737836906142458874263130564,0.026050329208374
5,100,3,0.5,allzero,pauli,0.019911737836906143878090702514783,0.6586952209472656
5,100,3,0.6,allzero,comp,0.0026608573092893918441340545988274,0.0219111442565917
5,100,3,0.6,allzero,pauli,0.0026608573092893922536206208206977,0.8140854835510254
5,100,3,0.7,allzero,comp,0.021259457035993200229870289545174,0.0205662250518798
5,100,3,0.7,allzero,pauli,0.021259457035993196971634944247853,0.8532583713531494
5,100,3,0.8,allzero,comp,0.036021454147004823882209621451177,0.0159559249877929
5,100,3,0.8,allzero,pauli,0.036021454147004826340516814298098,0.5394115447998047
5,100,3,0.9,allzero,comp,0.014154202485927852624576315490536,0.0144851207733154
5,100,3,0.9,allzero,pauli,0.014154202485927852919744829307547,0.3143734931945801
5,100,4,0.1,allzero,comp,0.0020758118449564634659212451967144,0.034686803817749
5,100,4,0.1,allzero,pauli,0.0020758118449564631931292257860378,0.1313104629516601
5,100,4,0.2,allzero,comp,0.038265231577117070910962126091418,0.0311617851257324
5,100,4,0.2,allzero,pauli,0.038265231577117073125116064602480,0.4080185890197754
5,100,4,0.3,allzero,comp,0.0056207784107947678343248134765875,0.0289642810821533
5,100,4,0.3,allzero,pauli,0.0056207784107947678792216450460728,0.6627583503723145
5,100,4,0.4,allzero,comp,0.055452924518400763293061873445910,0.0263671875
5,100,4,0.4,allzero,pauli,0.055452924518400767417425356597960,0.7222018241882324
5,100,4,0.5,allzero,comp,0.020834244934798226990497769064724,0.0226011276245117
5,100,4,0.5,allzero,pauli,0.020834244934798226700500833885599,0.7935161590576172
5,100,4,0.6,allzero,comp,0.021159315737096599856372648904748,0.0214571952819824
5,100,4,0.6,allzero,pauli,0.021159315737096597020983068659916,0.804579496383667
5,100,4,0.7,allzero,comp,0.015083755553827426568114466529769,0.0176227092742919
5,100,4,0.7,allzero,pauli,0.015083755553827427400848115723875,0.4721419811248779
5,100,4,0.8,allzero,comp,0.0038787357489726338378831000805722,0.0155997276306152
5,100,4,0.8,allzero,pauli,0.0038787357489726338212465694965658,0.5102486610412598
5,100,4,0.9,allzero,comp,0.020536559815940291480937565298695,0.0127432346343994
5,100,4,0.9,allzero,pauli,0.020536559815940293866054489058115,0.1887753009796142
5,100,5,0.1,allzero,comp,0.024185167441531719067187610569567,0.0361847877502441
5,100,5,0.1,allzero,pauli,0.024185167441531721377323549404537,0.1193461418151855
5,100,5,0.2,allzero,comp,0.027630166321680134959909261005580,0.0330085754394531
5,100,5,0.2,allzero,pauli,0.027630166321680138530325621104566,0.5408258438110352
5,100,5,0.3,allzero,comp,0.059195210085634888341762238139374,0.0332629680633544
5,100,5,0.3,allzero,pauli,0.059195210085634886176819691172568,0.5965061187744141
5,100,5,0.4,allzero,comp,0.032561660791290811111288338319268,0.0287845134735107
5,100,5,0.4,allzero,pauli,0.032561660791290809868758771017383,0.5972237586975098
5,100,5,0.5,allzero,comp,0.032143312925373602856152462680795,0.0243566036224365
5,100,5,0.5,allzero,pauli,0.032143312925373597466194297567199,0.5711939334869385
5,100,5,0.6,allzero,comp,0.034794023286729408592319845015723,0.0219075679779052
5,100,5,0.6,allzero,pauli,0.034794023286729404420558608990177,0.619002103805542
5,100,5,0.7,allzero,comp,0.036514817819672300439740486847548,0.0194315910339355
5,100,5,0.7,allzero,pauli,0.036514817819672307219747153794742,0.7048904895782471
5,100,5,0.8,allzero,comp,0.019469906577521765955696865141250,0.0183475017547607
5,100,5,0.8,allzero,pauli,0.019469906577521768620275821604082,0.71905517578125
5,100,5,0.9,allzero,comp,0.086509557067995022180012295911867,0.0141594409942626
5,100,5,0.9,allzero,pauli,0.086509557067995027090923088053387,0.2374486923217773
5,100,6,0.1,allzero,comp,0.017913228271980094365393400860870,0.0353708267211914
5,100,6,0.1,allzero,pauli,0.017913228271980097955351496352705,0.055027961730957
5,100,6,0.2,allzero,comp,0.0040459791187344514076118639303554,0.0322625637054443
5,100,6,0.2,allzero,pauli,0.0040459791187344509855172702827986,0.2189033031463623
5,100,6,0.3,allzero,comp,0.029192781725515136362174426572436,0.0285375118255615
5,100,6,0.3,allzero,pauli,0.029192781725515138530058223409469,0.56980299949646
5,100,6,0.4,allzero,comp,0.028434519479821788563611347458084,0.0265631675720214
5,100,6,0.4,allzero,pauli,0.028434519479821788318085751257058,0.7499947547912598
5,100,6,0.5,allzero,comp,0.013519852328591749969225408530534,0.0246684551239013
5,100,6,0.5,allzero,pauli,0.013519852328591751636222006993648,1.509002685546875
5,100,6,0.6,allzero,comp,0.015229965814316461039542651693355,0.0219125747680664
5,100,6,0.6,allzero,pauli,0.015229965814316461306110461748631,1.4954137802124023
5,100,6,0.7,allzero,comp,0.0016397476757543203036903998040528,0.0167295932769775
5,100,6,0.7,allzero,pauli,0.0016397476757543203319117397498417,1.2612190246582031
5,100,6,0.8,allzero,comp,0.089925026161994043925845679173071,0.0171272754669189
5,100,6,0.8,allzero,pauli,0.089925026161994062179338982332411,0.7763621807098389
5,100,6,0.9,allzero,comp,0.0071710407719800971356550419130464,0.0124731063842773
5,100,6,0.9,allzero,pauli,0.0071710407719800970879897583643015,0.3621060848236084
5,100,7,0.1,allzero,comp,0.049163228271980101091043278592971,0.0334944725036621
5,100,7,0.1,allzero,pauli,0.049163228271980094485904544399091,0.0553951263427734
5,100,7,0.2,allzero,comp,0.025041674313418380196249627651898,0.0312197208404541
5,100,7,0.2,allzero,pauli,0.025041674313418381403462120715631,0.1425635814666748
5,100,7,0.3,allzero,comp,0.023376860736523221552257239737394,0.0289604663848876
5,100,7,0.3,allzero,pauli,0.023376860736523220191118710431510,0.4026765823364258
5,100,7,0.4,allzero,comp,0.057835703678633669716963307257126,0.0285291671752929
5,100,7,0.4,allzero,pauli,0.057835703678633672286668598871984,0.8138322830200195
5,100,7,0.5,allzero,comp,0.0020512847262456859787863602081591,0.026371955871582
5,100,7,0.5,allzero,pauli,0.0020512847262456859916135432087003,1.152604579925537
5,100,7,0.6,allzero,comp,0.026616904148043676380444751547833,0.023303747177124
5,100,7,0.6,allzero,pauli,0.026616904148043674799284374898889,1.045565128326416
5,100,7,0.7,allzero,comp,0.0017929531429661219706397867547332,0.0216231346130371
5,100,7,0.7,allzero,pauli,0.0017929531429661221385990499399554,0.934798002243042
5,100,7,0.8,allzero,comp,0.060542623781296685526241903193281,0.0177915096282959
5,100,7,0.8,allzero,pauli,0.060542623781296683871389063824608,0.7367689609527588
5,100,7,0.9,allzero,comp,0.010659464168742224396757404008146,0.0145807266235351
5,100,7,0.9,allzero,pauli,0.010659464168742225492758635141399,0.4511740207672119
5,100,8,0.1,allzero,comp,0.023437500000000001068095102759676,0.0355861186981201
5,100,8,0.1,allzero,pauli,0.0234375,0.0532894134521484
5,100,8,0.2,allzero,comp,0.0047386632027553573464817801709180,0.0306830406188964
5,100,8,0.2,allzero,pauli,0.0047386632027553582391377062776883,0.1754357814788818
5,100,8,0.3,allzero,comp,0.0049400008020471540511402351689072,0.029952049255371
5,100,8,0.3,allzero,pauli,0.0049400008020471534650464029425621,0.3307967185974121
5,100,8,0.4,allzero,comp,0.0031946383777019404342618992805474,0.0274813175201416
5,100,8,0.4,allzero,pauli,0.0031946383777019405486585768016994,0.4826886653900146
5,100,8,0.5,allzero,comp,0.012599022631437159761640208281472,0.023547887802124
5,100,8,0.5,allzero,pauli,0.012599022631437160890666149271055,0.5260260105133057
5,100,8,0.6,allzero,comp,0.018675667053822433348168666879857,0.0204493999481201
5,100,8,0.6,allzero,pauli,0.018675667053822432583931600902361,0.7188818454742432
5,100,8,0.7,allzero,comp,0.023463371676895213595442251848850,0.0190439224243164
5,100,8,0.7,allzero,pauli,0.023463371676895213718827548632362,0.8016557693481445
5,100,8,0.8,allzero,comp,0.015709123751815596141524358259089,0.0161414146423339
5,100,8,0.8,allzero,pauli,0.015709123751815597808123570189309,0.6741337776184082
5,100,8,0.9,allzero,comp,0.032769872252054734199086721556744,0.0124642848968505
5,100,8,0.9,allzero,pauli,0.032769872252054729755421647041658,0.2439081668853759
5,100,9,0.1,allzero,comp,0.0061801046140099508491774563319321,0.0390045642852783
5,100,9,0.1,allzero,pauli,0.0061801046140099510223242518236475,0.0819959640502929
5,100,9,0.2,allzero,comp,0.00023371379229454103949309059352480,0.032724380493164
5,100,9,0.2,allzero,pauli,0.00023371379229454106716580563674057,0.3072662353515625
5,100,9,0.3,allzero,comp,0.010158569654713072935165854151984,0.0352258682250976
5,100,9,0.3,allzero,pauli,0.010158569654713072924479000391784,0.4559330940246582
5,100,9,0.4,allzero,comp,0.022005780192210576440003597002930,0.0274944305419921
5,100,9,0.4,allzero,pauli,0.022005780192210572937527857106943,0.8123290538787842
5,100,9,0.5,allzero,comp,0.066001528524186161172435934562476,0.0268976688385009
5,100,9,0.5,allzero,pauli,0.066001528524186156565711769417248,1.2065057754516602
5,100,9,0.6,allzero,comp,0.063450257479149844111341785229007,0.0237903594970703
5,100,9,0.6,allzero,pauli,0.063450257479149840822429951003869,1.0005614757537842
5,100,9,0.7,allzero,comp,0.046392527807675619251692003509000,0.0207388401031494
5,100,9,0.7,allzero,pauli,0.046392527807675616735583190575198,1.1150527000427246
5,100,9,0.8,allzero,comp,0.022948775714605659510724460437965,0.0152778625488281
5,100,9,0.8,allzero,pauli,0.022948775714605657016775808187958,0.387174129486084
5,100,9,0.9,allzero,comp,0.048799377684059704748771147008162,0.0123951435089111
5,100,9,0.9,allzero,pauli,0.048799377684059709603392462895499,0.2323853969573974
5,100,10,0.1,allzero,comp,0.024776680023007464736914628876846,0.03536057472229
5,100,10,0.1,allzero,pauli,0.024776680023007462833062319873534,0.1259992122650146
5,100,10,0.2,allzero,comp,0.027042167633242536138564866051982,0.0351214408874511
5,100,10,0.2,allzero,pauli,0.027042167633242537166937680126466,0.4304902553558349
5,100,10,0.3,allzero,comp,0.0033069850108110403935046058073164,0.0302069187164306
5,100,10,0.3,allzero,pauli,0.0033069850108110405637051876226451,0.5231454372406006
5,100,10,0.4,allzero,comp,0.032745386279361359110145292984011,0.0274360179901123
5,100,10,0.4,allzero,pauli,0.032745386279361354819883445088635,1.0284900665283203
5,100,10,0.5,allzero,comp,0.094413545301003366168116633403981,0.0262608528137207
5,100,10,0.5,allzero,pauli,0.094413545301003362619773895403341,1.043868064880371
5,100,10,0.6,allzero,comp,0.022898074333826353505266568858925,0.0693597793579101
5,100,10,0.6,allzero,pauli,0.022898074333826352877441223654387,0.7838866710662842
5,100,10,0.7,allzero,comp,0.059095017709943104334023331106901,0.019496202468872
5,100,10,0.7,allzero,pauli,0.059095017709943103989544965770619,0.7690207958221436
5,100,10,0.8,allzero,comp,0.059749727653904235603465449189141,0.0174942016601562
5,100,10,0.8,allzero,pauli,0.059749727653904231849946171450938,0.8045556545257568
5,100,10,0.9,allzero,comp,0.0097656250,0.0126645565032958
5,100,10,0.9,allzero,pauli,0.009765625,0.1922996044158935
10,10,0,0.1,allzero,comp,0,0.0076823234558105
10,10,0,0.1,allzero,pauli,0E-10,0.0067963600158691
10,10,0,0.2,allzero,comp,0,0.0076370239257812
10,10,0,0.2,allzero,pauli,0E-10,0.0066807270050048
10,10,0,0.3,allzero,comp,0.0033341929320049754913446720884458,0.0071401596069335
10,10,0,0.3,allzero,pauli,0.0033341929320049755111621259118238,0.0066490173339843
10,10,0,0.4,allzero,comp,0.00057205706799502443726487385041654,0.0068004131317138
10,10,0,0.4,allzero,pauli,0.00057205706799502438041765683962581,0.0072050094604492
10,10,0,0.5,allzero,comp,0.013336771728019901965378688353783,0.0069313049316406
10,10,0,0.5,allzero,pauli,0.013336771728019902044648503647295,0.0075809955596923
10,10,0,0.6,allzero,comp,0.013336771728019901965378688353783,0.0025672912597656
10,10,0,0.6,allzero,pauli,0.013336771728019902044648503647295,0.0027639865875244
10,10,0,0.7,allzero,comp,0.031250000000000004272380411038702,0.00282883644104
10,10,0,0.7,allzero,pauli,0.0312500000,0.0030038356781005
10,10,0,0.8,allzero,comp,0.031250000000000004272380411038702,0.0027134418487548
10,10,0,0.8,allzero,pauli,0.0312500000,0.0029935836791992
10,10,0,0.9,allzero,comp,0.50000000000000006835808657661923,0.00307297706604
10,10,0,0.9,allzero,pauli,0.5000000000,0.0041120052337646
10,10,1,0.1,allzero,comp,0.0039062500000000005340475513798378,0.007836103439331
10,10,1,0.1,allzero,pauli,0.0039062500,0.0064063072204589
10,10,1,0.2,allzero,comp,0.0025006446990037314552704354863079,0.0083029270172119
10,10,1,0.2,allzero,pauli,0.0025006446990037318502120289309687,0.0030217170715332
10,10,1,0.3,allzero,comp,0.0011441141359900487212004060324957,0.0075354576110839
10,10,1,0.3,allzero,pauli,0.0011441141359900487608353136792516,0.0064978599548339
10,10,1,0.4,allzero,comp,0.022767293456039802704122643360867,0.0076379776000976
10,10,1,0.4,allzero,pauli,0.022767293456039804089297007294590,0.0072853565216064
10,10,1,0.5,allzero,comp,0.0097165502620174138562004519620947,0.0075786113739013
10,10,1,0.5,allzero,pauli,0.0097165502620174138553865716971814,0.0069546699523925
10,10,1,0.6,allzero,comp,0.0016670964660024876690076652100542,0.0067827701568603
10,10,1,0.6,allzero,pauli,0.0016670964660024877555810629559119,0.0070490837097167
10,10,1,0.7,allzero,comp,0.0019531250,0.0069568157196044
10,10,1,0.7,allzero,pauli,0.0019531250,0.0070996284484863
10,10,1,0.8,allzero,comp,0.0022882282719800977490594954016662,0.007021427154541
10,10,1,0.8,allzero,pauli,0.0022882282719800975216706273585032,0.0083353519439697
10,10,1,0.9,allzero,comp,0.0625,0.0028004646301269
10,10,1,0.9,allzero,pauli,0.0625000000,0.0031502246856689
10,10,2,0.1,allzero,comp,0,0.008190631866455
10,10,2,0.1,allzero,pauli,0E-10,0.0034351348876953
10,10,2,0.2,allzero,comp,0.00048828125000000006675594392247972,0.0077066421508789
10,10,2,0.2,allzero,pauli,0.00048828125,0.0029337406158447
10,10,2,0.3,allzero,comp,0.0009765625,0.0083124637603759
10,10,2,0.3,allzero,pauli,0.0009765625,0.0030009746551513
10,10,2,0.4,allzero,comp,0.0019531250000000002670237756899189,0.0075674057006835
10,10,2,0.4,allzero,pauli,0.0019531250,0.0064859390258789
10,10,2,0.5,allzero,comp,0.0066683858640099506760306608402167,0.0071070194244384
10,10,2,0.5,allzero,pauli,0.0066683858640099510223242518236475,0.0075459480285644
10,10,2,0.6,allzero,comp,0.031250000000000004272380411038702,0.0074250698089599
10,10,2,0.6,allzero,pauli,0.0312500000,0.0072934627532958
10,10,2,0.7,allzero,comp,0.031250,0.0029170513153076
10,10,2,0.7,allzero,pauli,0.0312500000,0.006850242614746
10,10,2,0.8,allzero,comp,0.10669417382415921081649057344347,0.0029292106628417
10,10,2,0.8,allzero,pauli,0.10669417382415921635718802917836,0.006798505783081
10,10,2,0.9,allzero,comp,0.10669417382415921081649057344347,0.003082275390625
10,10,2,0.9,allzero,pauli,0.10669417382415921635718802917836,0.007235050201416
10,10,3,0.1,allzero,comp,0,0.0081253051757812
10,10,3,0.1,allzero,pauli,0E-10,0.0026829242706298
10,10,3,0.2,allzero,comp,0.00057205706799502443726487385041654,0.0088412761688232
10,10,3,0.2,allzero,pauli,0.00057205706799502438041765683962581,0.0029847621917724
10,10,3,0.3,allzero,comp,0,0.0091474056243896
10,10,3,0.3,allzero,pauli,0E-10,0.0069813728332519
10,10,3,0.4,allzero,comp,0.0009765625,0.0071284770965576
10,10,3,0.4,allzero,pauli,0.0009765625,0.0027313232421875
10,10,3,0.5,allzero,comp,0.0016670964660024876690076652100542,0.0077676773071289
10,10,3,0.5,allzero,pauli,0.0016670964660024877555810629559119,0.0071754455566406
10,10,3,0.6,allzero,comp,0.0033341929320049754913446720884458,0.0073847770690917
10,10,3,0.6,allzero,pauli,0.0033341929320049755111621259118238,0.0083925724029541
10,10,3,0.7,allzero,comp,0.00028602853399751218030010150812392,0.0068161487579345
10,10,3,0.7,allzero,pauli,0.00028602853399751219020882841981290,0.0069622993469238
10,10,3,0.8,allzero,comp,0.0039062500000000005340475513798378,0.0028960704803466
10,10,3,0.8,allzero,pauli,0.0039062500,0.0071332454681396
10,10,3,0.9,allzero,comp,0.031250000000000004272380411038702,0.0028474330902099
10,10,3,0.9,allzero,pauli,0.0312500000,0.0030529499053955
10,10,4,0.1,allzero,comp,0,0.008758544921875
10,10,4,0.1,allzero,pauli,0E-10,0.0033304691314697
10,10,4,0.2,allzero,comp,0.00097656250000000013351188784495944,0.0080623626708984
10,10,4,0.2,allzero,pauli,0.0009765625,0.0027558803558349
10,10,4,0.3,allzero,comp,0,0.0081844329833984
10,10,4,0.3,allzero,pauli,0E-10,0.0029501914978027
10,10,4,0.4,allzero,comp,0,0.0073468685150146
10,10,4,0.4,allzero,pauli,0E-10,0.0033791065216064
10,10,4,0.5,allzero,comp,0,0.0075635910034179
10,10,4,0.5,allzero,pauli,0E-10,0.0070962905883789
10,10,4,0.6,allzero,comp,0.0022882282719800977490594954016662,0.0070383548736572
10,10,4,0.6,allzero,pauli,0.0022882282719800975216706273585032,0.0031626224517822
10,10,4,0.7,allzero,comp,0.015625,0.0067918300628662
10,10,4,0.7,allzero,pauli,0.0156250000,0.0029525756835937
10,10,4,0.8,allzero,comp,0.031250,0.0066926479339599
10,10,4,0.8,allzero,pauli,0.0312500000,0.0032939910888671
10,10,4,0.9,allzero,comp,0.25,0.002774953842163
10,10,4,0.9,allzero,pauli,0.2500000000,0.0029425621032714
10,10,5,0.1,allzero,comp,0,0.0075912475585937
10,10,5,0.1,allzero,pauli,0E-10,0.0027456283569335
10,10,5,0.2,allzero,comp,0.0091529130879203909962379816066646,0.0080139636993408
10,10,5,0.2,allzero,pauli,0.0091529130879203900866825094340129,0.0030474662780761
10,10,5,0.3,allzero,comp,0,0.0073761940002441
10,10,5,0.3,allzero,pauli,0E-10,0.0029449462890625
10,10,5,0.4,allzero,comp,0,0.0073950290679931
10,10,5,0.4,allzero,pauli,0E-10,0.0067534446716308
10,10,5,0.5,allzero,comp,0.013336771728019901965378688353783,0.0073511600494384
10,10,5,0.5,allzero,pauli,0.013336771728019902044648503647295,0.0030848979949951
10,10,5,0.6,allzero,comp,0.015625000000000002136190205519351,0.0070998668670654
10,10,5,0.6,allzero,pauli,0.0156250000,0.0032956600189208
10,10,5,0.7,allzero,comp,0.015625,0.0029211044311523
10,10,5,0.7,allzero,pauli,0.0156250000,0.0031349658966064
10,10,5,0.8,allzero,comp,0.031250000000000004272380411038702,0.0028364658355712
10,10,5,0.8,allzero,pauli,0.0312500000,0.0031225681304931
10,10,5,0.9,allzero,comp,0.25,0.0028517246246337
10,10,5,0.9,allzero,pauli,0.2500000000,0.0030434131622314
10,10,6,0.1,allzero,comp,0,0.0075550079345703
10,10,6,0.1,allzero,pauli,0E-10,0.0066413879394531
10,10,6,0.2,allzero,comp,0,0.0073113441467285
10,10,6,0.2,allzero,pauli,0E-10,0.007880687713623
10,10,6,0.3,allzero,comp,0.0016670964660024876690076652100542,0.0070540904998779
10,10,6,0.3,allzero,pauli,0.0016670964660024877555810629559119,0.0068097114562988
10,10,6,0.4,allzero,comp,0.042200393980074636238524936285353,0.0070393085479736
10,10,6,0.4,allzero,pauli,0.042200393980074635269517102642567,0.0068252086639404
10,10,6,0.5,allzero,comp,0.015625000000000002136190205519351,0.0070047378540039
10,10,6,0.5,allzero,pauli,0.0156250000,0.0071406364440917
10,10,6,0.6,allzero,comp,0.031250,0.0073859691619873
10,10,6,0.6,allzero,pauli,0.0312500000,0.007631778717041
10,10,6,0.7,allzero,comp,0,0.0069379806518554
10,10,6,0.7,allzero,pauli,0E-10,0.0067923069000244
10,10,6,0.8,allzero,comp,0,0.0069849491119384
10,10,6,0.8,allzero,pauli,0E-10,0.007502794265747
10,10,6,0.9,allzero,comp,0.031250000000000004272380411038702,0.0028080940246582
10,10,6,0.9,allzero,pauli,0.0312500000,0.0030779838562011
10,10,7,0.1,allzero,comp,0.00057205706799502443726487385041654,0.0079550743103027
10,10,7,0.1,allzero,pauli,0.00057205706799502438041765683962581,0.0027661323547363
10,10,7,0.2,allzero,comp,0,0.0076906681060791
10,10,7,0.2,allzero,pauli,0E-10,0.0028357505798339
10,10,7,0.3,allzero,comp,0.0014648437499999998493077667181781,0.0078639984130859
10,10,7,0.3,allzero,pauli,0.00146484375,0.0037140846252441
10,10,7,0.4,allzero,comp,0,0.0074350833892822
10,10,7,0.4,allzero,pauli,0E-10,0.0069470405578613
10,10,7,0.5,allzero,comp,0.0019531250,0.0074477195739746
10,10,7,0.5,allzero,pauli,0.0019531250,0.0071096420288085
10,10,7,0.6,allzero,comp,0.0045764565439601948848016241299826,0.0069515705108642
10,10,7,0.6,allzero,pauli,0.0045764565439601950433412547170064,0.0069210529327392
10,10,7,0.7,allzero,comp,0,0.0070362091064453
10,10,7,0.7,allzero,pauli,0E-10,0.0067954063415527
10,10,7,0.8,allzero,comp,0.0033341929320049754913446720884458,0.0028421878814697
10,10,7,0.8,allzero,pauli,0.0033341929320049755111621259118238,0.0068345069885253
10,10,7,0.9,allzero,comp,0.0078125000000000010680951027596755,0.0031049251556396
10,10,7,0.9,allzero,pauli,0.0078125000,0.0036714076995849
10,10,8,0.1,allzero,comp,0.0017161712039850732404041674901119,0.008211612701416
10,10,8,0.1,allzero,pauli,0.0017161712039850730328327532703270,0.0028228759765625
10,10,8,0.2,allzero,comp,0,0.0080389976501464
10,10,8,0.2,allzero,pauli,0E-10,0.0066926479339599
10,10,8,0.3,allzero,comp,0.0066683858640099506760306608402167,0.0077946186065673
10,10,8,0.3,allzero,pauli,0.0066683858640099510223242518236475,0.0071046352386474
10,10,8,0.4,allzero,comp,0.0033341929320049754913446720884458,0.0079274177551269
10,10,8,0.4,allzero,pauli,0.0033341929320049755111621259118238,0.0066099166870117
10,10,8,0.5,allzero,comp,0.00048828125000000006675594392247972,0.0073773860931396
10,10,8,0.5,allzero,pauli,0.00048828125,0.0076677799224853
10,10,8,0.6,allzero,comp,0,0.0070011615753173
10,10,8,0.6,allzero,pauli,0E-10,0.0063791275024414
10,10,8,0.7,allzero,comp,0.0033341929320049754913446720884458,0.006864309310913
10,10,8,0.7,allzero,pauli,0.0033341929320049755111621259118238,0.0031778812408447
10,10,8,0.8,allzero,comp,0.0066683858640099506760306608402167,0.00297212600708
10,10,8,0.8,allzero,pauli,0.0066683858640099510223242518236475,0.0031478404998779
10,10,8,0.9,allzero,comp,0.031250000000000004272380411038702,0.0029809474945068
10,10,8,0.9,allzero,pauli,0.0312500000,0.0032694339752197
10,10,9,0.1,allzero,comp,0.0066683858640099506760306608402167,0.0077502727508544
10,10,9,0.1,allzero,pauli,0.0066683858640099510223242518236475,0.0028598308563232
10,10,9,0.2,allzero,comp,0,0.0081808567047119
10,10,9,0.2,allzero,pauli,0E-10,0.0029289722442626
10,10,9,0.3,allzero,comp,0.0016670964660024876690076652100542,0.0079119205474853
10,10,9,0.3,allzero,pauli,0.0016670964660024877555810629559119,0.0026698112487792
10,10,9,0.4,allzero,comp,0.0022882282719800977490594954016662,0.0069687366485595
10,10,9,0.4,allzero,pauli,0.0022882282719800975216706273585032,0.0029871463775634
10,10,9,0.5,allzero,comp,0.0045764565439601948848016241299826,0.0073120594024658
10,10,9,0.5,allzero,pauli,0.0045764565439601950433412547170064,0.0032184123992919
10,10,9,0.6,allzero,comp,0.053347086912079607861514753415132,0.0070722103118896
10,10,9,0.6,allzero,pauli,0.053347086912079608178594014589180,0.004143476486206
10,10,9,0.7,allzero,comp,0.00781250,0.0066096782684326
10,10,9,0.7,allzero,pauli,0.0078125000,0.0031080245971679
10,10,9,0.8,allzero,comp,0,0.0068111419677734
10,10,9,0.8,allzero,pauli,0E-10,0.003157615661621
10,10,9,0.9,allzero,comp,0.073223304703363118156825986079722,0.0030994415283203
10,10,9,0.9,allzero,pauli,0.073223304703363120693460075472103,0.0041134357452392
10,10,10,0.1,allzero,comp,0,0.0083274841308593
10,10,10,0.1,allzero,pauli,0E-10,0.0028936862945556
10,10,10,0.2,allzero,comp,0,0.0080716609954833
10,10,10,0.2,allzero,pauli,0E-10,0.0026421546936035
10,10,10,0.3,allzero,comp,0,0.0082302093505859
10,10,10,0.3,allzero,pauli,0E-10,0.0027105808258056
10,10,10,0.4,allzero,comp,0.0066683858640099506760306608402167,0.0080821514129638
10,10,10,0.4,allzero,pauli,0.0066683858640099510223242518236475,0.0068607330322265
10,10,10,0.5,allzero,comp,0.00390625,0.0079288482666015
10,10,10,0.5,allzero,pauli,0.0039062500,0.0066564083099365
10,10,10,0.6,allzero,comp,0.00028602853399751218030010150812392,0.0080263614654541
10,10,10,0.6,allzero,pauli,0.00028602853399751219020882841981290,0.00630784034729
10,10,10,0.7,allzero,comp,0.0019531250000000002670237756899189,0.0073757171630859
10,10,10,0.7,allzero,pauli,0.0019531250,0.0067615509033203
10,10,10,0.8,allzero,comp,0.0039062500000000005340475513798378,0.0074408054351806
10,10,10,0.8,allzero,pauli,0.0039062500,0.0071339607238769
10,10,10,0.9,allzero,comp,0.0625,0.0030162334442138
10,10,10,0.9,allzero,pauli,0.0625000000,0.0032029151916503
10,50,0,0.1,allzero,comp,0.0019557429943123447782925320341766,0.3938426971435547
10,50,0,0.1,allzero,pauli,0.0019557429943123445965913465016683,0.234947919845581
10,50,0,0.2,allzero,comp,0.0011389486026570273288909443153373,0.4108004570007324
10,50,0,0.2,allzero,pauli,0.0011389486026570274507241364858601,3.5485270023345947
10,50,0,0.3,allzero,comp,0.00039959018344537998885904405820757,0.3599746227264404
10,50,0,0.3,allzero,pauli,0.00039959018344537999486987267516724,18.71500563621521
10,50,0,0.4,allzero,comp,0.00035783938758950770713142864336101,0.2781238555908203
10,50,0,0.4,allzero,pauli,0.00035783938758950762206237361517935,291.1087005138397
10,50,0,0.5,allzero,comp,0.0018192747383179598662289975505336,0.1134450435638427
10,50,0,0.5,allzero,pauli,0.0018192747383179600027119926508590,26.794216632843018
10,50,0,0.6,allzero,comp,0.0019653077316834106806462649034511,0.0415506362915039
10,50,0,0.6,allzero,pauli,0.0019653077316834108127785452069247,78.16246438026428
10,50,0,0.7,allzero,comp,0.0017121498536815034902358559219223,0.0229392051696777
10,50,0,0.7,allzero,pauli,0.0017121498536815035751423863530363,8.483585119247437
10,50,0,0.8,allzero,comp,0.00076920893326253481269313157214642,0.0244247913360595
10,50,0,0.8,allzero,pauli,0.00076920893326253491836808073855991,3.2814741134643555
10,50,0,0.9,allzero,comp,0.0010419352912515547931297907562839,0.012939453125
10,50,0,0.9,allzero,pauli,0.0010419352912515549014482729717201,0.2087762355804443
10,50,1,0.1,allzero,comp,0.00022780871332309107155590845311553,0.2550656795501709
10,50,1,0.1,allzero,pauli,0.00022780871332309104992930315347621,0.3580679893493652
10,50,1,0.2,allzero,comp,0.0017666554414368327975555014288462,0.6033873558044434
10,50,1,0.2,allzero,pauli,0.0017666554414368326221540517195763,13.61365246772766
10,50,1,0.3,allzero,comp,0.00078287889645603742178383010164765,0.2569575309753418
10,50,1,0.3,allzero,pauli,0.00078287889645603753012437220348829,59.79535126686096
10,50,1,0.4,allzero,comp,0.00010834135041488777428593801970325,0.2385933399200439
10,50,1,0.4,allzero,pauli,0.00010834135041488777853949110330234,42.454031467437744
10,50,1,0.5,allzero,comp,0.0011117500592449838802810333346238,0.3669483661651611
10,50,1,0.5,allzero,pauli,0.0011117500592449838098252357099227,47.09452724456787
10,50,1,0.6,allzero,comp,0.00031172433072325714012352392297482,0.128929853439331
10,50,1,0.6,allzero,pauli,0.00031172433072325714253913986340194,106.6628315448761
10,50,1,0.7,allzero,comp,0.0012947333835533576132621121316230,0.1330018043518066
10,50,1,0.7,allzero,pauli,0.0012947333835533576459897453503345,219.56867384910583
10,50,1,0.8,allzero,comp,0.00015878801329390127986024664131521,0.0484781265258789
10,50,1,0.8,allzero,pauli,0.00015878801329390128350624311615036,13.739034175872805
10,50,1,0.9,allzero,comp,0.00073242187499999994877441452347572,0.0115299224853515
10,50,1,0.9,allzero,pauli,0.000732421875,0.0920789241790771
10,50,2,0.1,allzero,comp,0.0029863079546913871971950537688104,0.4846270084381103
10,50,2,0.1,allzero,pauli,0.0029863079546913872536206824293004,0.2628781795501709
10,50,2,0.2,allzero,comp,0.00097910728229949898359855076871170,0.4372560977935791
10,50,2,0.2,allzero,pauli,0.00097910728229949877537974245456098,1.5473639965057373
10,50,2,0.3,allzero,comp,0.0021401337546762166533496771090363,0.282304048538208
10,50,2,0.3,allzero,pauli,0.0021401337546762162766800230428998,7.2261669635772705
10,50,2,0.4,allzero,comp,0.00099641414822688195439746634727708,0.2228686809539795
10,50,2,0.4,allzero,pauli,0.00099641414822688209422529848069416,116.56621956825256
10,50,2,0.5,allzero,comp,0.00015731174355103879373001691247911,0.0823800563812255
10,50,2,0.5,allzero,pauli,0.00015731174355103878597338107336867,22.971879482269287
10,50,2,0.6,allzero,comp,0.00055389799073579790540818360412049,0.0557878017425537
10,50,2,0.6,allzero,pauli,0.00055389799073579800651329074767659,5.913168430328369
10,50,2,0.7,allzero,comp,0.00095537892275718827696667157305200,0.0484893321990966
10,50,2,0.7,allzero,pauli,0.00095537892275718836777864684250972,7.220269680023193
10,50,2,0.8,allzero,comp,0.00060770067797711636708784708762673,0.0165600776672363
10,50,2,0.8,allzero,pauli,0.00060770067797711647700903414559548,2.37439513206482
10,50,2,0.9,allzero,comp,0.0021344337615037315251548472515457,0.0123450756072998
10,50,2,0.9,allzero,pauli,0.0021344337615037318502120289309687,0.1502175331115722
10,50,3,0.1,allzero,comp,0.00062516117475093286381760887157698,0.2378060817718505
10,50,3,0.1,allzero,pauli,0.00062516117475093296255300723274217,0.4553704261779785
10,50,3,0.2,allzero,comp,0.0041049214140541045019244286978585,0.285531997680664
10,50,3,0.2,allzero,pauli,0.0041049214140541044615329013822702,0.7458686828613281
10,50,3,0.3,allzero,comp,0.00021962582828066692519515394487399,0.2683494091033935
10,50,3,0.3,allzero,pauli,0.00021962582828066691195689763560495,2.535605907440185
10,50,3,0.4,allzero,comp,0.00078976102676881711578189842188573,0.2250795364379882
10,50,3,0.4,allzero,pauli,0.00078976102676881713288148390006427,11.140554904937744
10,50,3,0.5,allzero,comp,0.00054433748303754671062715454198720,0.0567748546600341
10,50,3,0.5,allzero,pauli,0.00054433748303754669103232677329629,17.60041642189026
10,50,3,0.6,allzero,comp,0.0014077026950079774846926036321232,0.0368978977203369
10,50,3,0.6,allzero,pauli,0.0014077026950079776432267486541150,3.499938726425171
10,50,3,0.7,allzero,comp,0.0016536327313699085951565849216100,0.0261356830596923
10,50,3,0.7,allzero,pauli,0.0016536327313699085775344777005103,1.2402398586273191
10,50,3,0.8,allzero,comp,0.00030149595045922630799535853746575,0.0123507976531982
10,50,3,0.8,allzero,pauli,0.00030149595045922633704954529676456,0.0806639194488525
10,50,3,0.9,allzero,comp,0.0015363508834993781630645457578281,0.0109972953796386
10,50,3,0.9,allzero,pauli,0.0015363508834993779526845170124716,0.0741553306579589
10,50,4,0.1,allzero,comp,0.0011186784133756221453955997429613,0.2392091751098632
10,50,4,0.1,allzero,pauli,0.0011186784133756220473154829875284,0.0805020332336425
10,50,4,0.2,allzero,comp,0.00096513203177439959823911696059022,0.1202178001403808
10,50,4,0.2,allzero,pauli,0.00096513203177439957358707545154175,0.5294351577758789
10,50,4,0.3,allzero,comp,0.00094244118944388402850611590878956,0.0989179611206054
10,50,4,0.3,allzero,pauli,0.00094244118944388399934652955636238,0.5744650363922119
10,50,4,0.4,allzero,comp,0.0022957683456209092836129909913574,0.0925023555755615
10,50,4,0.4,allzero,pauli,0.0022957683456209096103939337751854,1.4074745178222656
10,50,4,0.5,allzero,comp,0.00032706242649087017854652069125394,0.0766122341156005
10,50,4,0.5,allzero,pauli,0.00032706242649087016076750455972899,13.907477140426636
10,50,4,0.6,allzero,comp,0.00025964790647841672396487713262004,0.0818421840667724
10,50,4,0.6,allzero,pauli,0.00025964790647841669160925115455996,49.67872786521912
10,50,4,0.7,allzero,comp,0.00015912465385322650454874548608313,0.0261728763580322
10,50,4,0.7,allzero,pauli,0.00015912465385322651593297260674831,5.234385251998901
10,50,4,0.8,allzero,comp,0.0011715227040799132552005444133741,0.0184295177459716
10,50,4,0.8,allzero,pauli,0.0011715227040799132234016877163185,4.174429178237915
10,50,4,0.9,allzero,comp,0.00097656250000000013351188784495944,0.009941816329956
10,50,4,0.9,allzero,pauli,0.0009765625,0.0254406929016113
10,50,5,0.1,allzero,comp,0.000086579867434623453228695746786583,0.272136926651001
10,50,5,0.1,allzero,pauli,0.000086579867434623464846760176882867,0.3419561386108398
10,50,5,0.2,allzero,comp,0.00051145016910097935385055112369170,0.2620491981506347
10,50,5,0.2,allzero,pauli,0.00051145016910097941195689763560495,3.017967939376831
10,50,5,0.3,allzero,comp,0.000057814820209372891424962709094923,0.2584147453308105
10,50,5,0.3,allzero,pauli,0.000057814820209372899391213340702933,5.868190050125122
10,50,5,0.4,allzero,comp,0.00063866065657535286440940440756400,0.2558813095092773
10,50,5,0.4,allzero,pauli,0.00063866065657535288444673904351134,35.98950433731079
10,50,5,0.5,allzero,comp,0.00035670550262474225166041820257780,0.1449184417724609
10,50,5,0.5,allzero,pauli,0.00035670550262474224950323686833542,49.643126487731934
10,50,5,0.6,allzero,comp,0.00012364401326221901496097121354344,0.1535501480102539
10,50,5,0.6,allzero,pauli,TIMEOUT,300.10067415237427
10,50,5,0.7,allzero,comp,0.00019307353285336255944353868635780,0.1089239120483398
10,50,5,0.7,allzero,pauli,0.00019307353285336257523070735420134,109.40315198898315
10,50,5,0.8,allzero,comp,0.00033128196344908231113329153466981,0.0648343563079834
10,50,5,0.8,allzero,pauli,0.00033128196344908228876055544809276,63.18976449966431
10,50,5,0.9,allzero,comp,0.0034772071990037316284172309780233,0.0123586654663085
10,50,5,0.9,allzero,pauli,0.0034772071990037318502120289309687,0.1522719860076904
10,50,6,0.1,allzero,comp,0.0035757155626926313645132562944451,0.2934122085571289
10,50,6,0.1,allzero,pauli,0.0035757155626926309145707794101554,0.4300465583801269
10,50,6,0.2,allzero,comp,0.000033543696998075278263499911666755,0.2511718273162842
10,50,6,0.2,allzero,pauli,0.000033543696998075270613009352116407,15.243461847305298
10,50,6,0.3,allzero,comp,0.0019124691909862118039212610155149,0.2493293285369873
10,50,6,0.3,allzero,pauli,0.0019124691909862116291629607900404,58.54064893722534
10,50,6,0.4,allzero,comp,0.0016601841473976058726291928488253,0.1846289634704589
10,50,6,0.4,allzero,pauli,0.0016601841473976057181327625755785,120.46253848075868
10,50,6,0.5,allzero,comp,0.00047494214339926470321095582917410,0.1299309730529785
10,50,6,0.5,allzero,pauli,TIMEOUT,300.0552854537964
10,50,6,0.6,allzero,comp,0.00052159291813869744128143934706071,0.1041665077209472
10,50,6,0.6,allzero,pauli,TIMEOUT,300.10513281822205
10,50,6,0.7,allzero,comp,0.00036202116969754253861263359727438,0.0740373134613037
10,50,6,0.7,allzero,pauli,TIMEOUT,300.09361815452576
10,50,6,0.8,allzero,comp,0.000025544711184623464303521555336136,0.0379166603088378
10,50,6,0.8,allzero,pauli,0.000025544711184623461458628387865666,56.19929313659668
10,50,6,0.9,allzero,comp,0.0018101107330012438265649460014317,0.012500524520874
10,50,6,0.9,allzero,pauli,0.0018101107330012438777905314779559,0.0804803371429443
10,50,7,0.1,allzero,comp,0.0020324475831578828922194044043825,0.1902246475219726
10,50,7,0.1,allzero,pauli,0.0020324475831578828199930342179869,0.0720441341400146
10,50,7,0.2,allzero,comp,0.00063875223792467593671677928295870,0.173304796218872
10,50,7,0.2,allzero,pauli,0.00063875223792467597256489186818840,0.3463480472564697
10,50,7,0.3,allzero,comp,0.0012193757215395948074542406827015,0.1622993946075439
10,50,7,0.3,allzero,pauli,0.0012193757215395945384117659671119,13.503652095794678
10,50,7,0.4,allzero,comp,0.0017934089274804452742214317662540,0.1138186454772949
10,50,7,0.4,allzero,pauli,0.0017934089274804455513279144440730,31.441542148590088
10,50,7,0.5,allzero,comp,0.00068540370119551104786505584906717,0.1023569107055664
10,50,7,0.5,allzero,pauli,0.00068540370119551106194849543484793,55.07566809654236
10,50,7,0.6,allzero,comp,0.00076979670917783190175176066945571,0.0686306953430175
10,50,7,0.6,allzero,pauli,0.00076979670917783191066291470505689,42.57013630867005
10,50,7,0.7,allzero,comp,0.0014799876122040035557345043761708,0.0613901615142822
10,50,7,0.7,allzero,pauli,0.0014799876122040035199278751321117,112.55260848999023
10,50,7,0.8,allzero,comp,0.0025923809090213415720661912454414,0.0332138538360595
10,50,7,0.8,allzero,pauli,0.0025923809090213413043601864416132,15.834490537643433
10,50,7,0.9,allzero,comp,0.0013222786598128110847455152927525,0.0246362686157226
10,50,7,0.9,allzero,pauli,0.0013222786598128110236577414937642,23.162956953048703
10,50,8,0.1,allzero,comp,0.00015258789062500002086123247577491,0.3777704238891601
10,50,8,0.1,allzero,pauli,0.000152587890625,0.1411588191986084
10,50,8,0.2,allzero,comp,0.00067581944733561660578909833966018,0.2780666351318359
10,50,8,0.2,allzero,pauli,0.00067581944733561660331594422856938,1.3603549003601074
10,50,8,0.3,allzero,comp,0.00062197692821162008895771677295195,0.2414629459381103
10,50,8,0.3,allzero,pauli,0.00062197692821162008352392502885664,3.848442792892456
10,50,8,0.4,allzero,comp,0.0024363114349952129013777562265055,0.307819128036499
10,50,8,0.4,allzero,pauli,0.0024363114349952126255760553874552,28.760072946548465
10,50,8,0.5,allzero,comp,0.0013222337947639353459944281906020,0.1500899791717529
10,50,8,0.5,allzero,pauli,0.0013222337947639353512158111314534,189.6506531238556
10,50,8,0.6,allzero,comp,0.0011244362441143372127991947146135,0.0932948589324951
10,50,8,0.6,allzero,pauli,0.0011244362441143371765528424788272,161.61947393417358
10,50,8,0.7,allzero,comp,0.0012901663006975188866894297372730,0.0827198028564453
10,50,8,0.7,allzero,pauli,0.0012901663006975188936059639743803,121.33038783073424
10,50,8,0.8,allzero,comp,0.00031593248425824978436087162498301,0.037564992904663
10,50,8,0.8,allzero,pauli,0.00031593248425824981603232677329629,53.518860816955566
10,50,8,0.9,allzero,comp,0.00055978838349937800244760360073101,0.0111651420593261
10,50,8,0.9,allzero,pauli,0.00055978838349937806110473426102203,0.2071959972381591
10,50,9,0.1,allzero,comp,0.0016553540248754665413110469682700,0.3849756717681885
10,50,9,0.1,allzero,pauli,0.0016553540248754664270663949920959,0.0775930881500244
10,50,9,0.2,allzero,comp,0.00039196262326749002269306378265465,0.1732158660888672
10,50,9,0.2,allzero,pauli,0.00039196262326749006701248623230072,1.1794366836547852
10,50,9,0.3,allzero,comp,0.000021081158408902223930025632304424,0.1022529602050781
10,50,9,0.3,allzero,pauli,0.000021081158408902223673399983772114,5.271615266799927
10,50,9,0.4,allzero,comp,0.0012054154359786032888206042046861,0.0740153789520263
10,50,9,0.4,allzero,pauli,0.0012054154359786033081508582753827,20.55184555053711
10,50,9,0.5,allzero,comp,0.00078773636586239129681653750785490,0.0563514232635498
10,50,9,0.5,allzero,pauli,0.00078773636586239119926344809385910,8.697323322296143
10,50,9,0.6,allzero,comp,0.0014164944310026343075247816624980,0.0447509288787841
10,50,9,0.6,allzero,pauli,0.0014164944310026341030284147137763,19.546037673950195
10,50,9,0.7,allzero,comp,0.0027225523620952196526081180550139,0.0370430946350097
10,50,9,0.7,allzero,pauli,0.0027225523620952197384470494512243,35.74157762527466
10,50,9,0.8,allzero,comp,0.000043848583197775618909845261914186,0.0542623996734619
10,50,9,0.8,allzero,pauli,0.000043848583197775619290596088584167,2.660332679748535
10,50,9,0.9,allzero,comp,0.0018816178665006217070913395869716,0.0115182399749755
10,50,9,0.9,allzero,pauli,0.0018816178665006220473154829875284,0.053138256072998
10,50,10,0.1,allzero,comp,0.0012666655473147546540355816779586,0.2909317016601562
10,50,10,0.1,allzero,pauli,0.0012666655473147546504680827084144,0.2858114242553711
10,50,10,0.2,allzero,comp,0.0012477942189096802573612461677798,0.2183210849761963
10,50,10,0.2,allzero,pauli,0.0012477942189096800831155098521208,6.6371049880981445
10,50,10,0.3,allzero,comp,0.00034860167407405928654576156635523,0.2129919528961181
10,50,10,0.3,allzero,pauli,0.00034860167407405935223116411059152,26.563437461853027
10,50,10,0.4,allzero,comp,0.00028172978452090642985282303573099,0.2306056022644043
10,50,10,0.4,allzero,pauli,0.00028172978452090639443425312826719,166.62526679039
10,50,10,0.5,allzero,comp,0.00079640403831013439561107856713524,0.1103994846343994
10,50,10,0.5,allzero,pauli,0.00079640403831013437552927003437730,219.56759762763977
10,50,10,0.6,allzero,comp,0.000014189414650383336579327975519989,0.047842264175415
10,50,10,0.6,allzero,pauli,0.000014189414650383337077087578248502,58.1362361907959
10,50,10,0.7,allzero,comp,0.0016000914185573597861014319311330,0.0253610610961914
10,50,10,0.7,allzero,pauli,0.0016000914185573598784440019215936,6.374489545822144
10,50,10,0.8,allzero,comp,0.000415802001953125,0.0186593532562255
10,50,10,0.8,allzero,pauli,0.000415802001953125,0.9545674324035645
10,50,10,0.9,allzero,comp,0.00012207031250000001668898598061993,0.0111787319183349
10,50,10,0.9,allzero,pauli,0.0001220703125,0.1019294261932373
10,100,0,0.1,allzero,comp,0.0018152424788209388878759765374940,3.9106390476226807
10,100,0,0.1,allzero,pauli,0.0018152424788209391755960941949866,116.6331844329834
10,100,0,0.2,allzero,comp,0.0017828219340791827121460841639584,1.6617867946624756
10,100,0,0.2,allzero,pauli,TIMEOUT,300.1076056957245
10,100,0,0.3,allzero,comp,0.00092406917679065267278547839232694,2.351894855499268
10,100,0,0.3,allzero,pauli,TIMEOUT,300.1090259552002
10,100,0,0.4,allzero,comp,0.000012111594694566329911233013981915,2.219527006149292
10,100,0,0.4,allzero,pauli,TIMEOUT,300.108695268631
10,100,0,0.5,allzero,comp,0.00040995861568834915282272547209278,1.917726755142212
10,100,0,0.5,allzero,pauli,TIMEOUT,300.1095173358917
10,100,0,0.6,allzero,comp,0.0022025753031626922114236264623483,0.754472017288208
10,100,0,0.6,allzero,pauli,TIMEOUT,300.1094892024994
10,100,0,0.7,allzero,comp,0.00049464633870479404650089736701574,0.587059497833252
10,100,0,0.7,allzero,pauli,TIMEOUT,300.10917472839355
10,100,0,0.8,allzero,comp,0.0013952153766081536103766704439004,0.4294233322143554
10,100,0,0.8,allzero,pauli,TIMEOUT,300.01973152160645
10,100,0,0.9,allzero,comp,0.00017554987059041944035147248553339,0.1330394744873047
10,100,0,0.9,allzero,pauli,TIMEOUT,300.1099569797516
10,100,1,0.1,allzero,comp,0.00096092892274491439674882197571607,3.5038859844207764
10,100,1,0.1,allzero,pauli,TIMEOUT,300.1090486049652
10,100,1,0.2,allzero,comp,0.0011777142688208083147080483157240,3.321413040161133
10,100,1,0.2,allzero,pauli,TIMEOUT,300.05619859695435
10,100,1,0.3,allzero,comp,0.0010043222376541535287933737094627,3.1076748371124268
10,100,1,0.3,allzero,pauli,TIMEOUT,300.10915994644165
10,100,1,0.4,allzero,comp,0.0012452613642796323652817813023557,2.642857074737549
10,100,1,0.4,allzero,pauli,TIMEOUT,300.04377484321594
10,100,1,0.5,allzero,comp,0.00089026659018710409729662322448389,2.495643854141236
10,100,1,0.5,allzero,pauli,TIMEOUT,300.10998916625977
10,100,1,0.6,allzero,comp,0.00045185362346084579282477618483979,1.945382595062256
10,100,1,0.6,allzero,pauli,TIMEOUT,300.1097502708435
10,100,1,0.7,allzero,comp,0.0015601970929713615365829138502617,1.7077932357788086
10,100,1,0.7,allzero,pauli,TIMEOUT,300.0661780834198
10,100,1,0.8,allzero,comp,0.00021317821849457556814699727868573,0.7338001728057861
10,100,1,0.8,allzero,pauli,TIMEOUT,300.079626083374
10,100,1,0.9,allzero,comp,0.00034875230014457453239072462204859,0.2104561328887939
10,100,1,0.9,allzero,pauli,TIMEOUT,300.0205578804016
10,100,2,0.1,allzero,comp,0.0020991175365181127456608450640729,8.142388582229614
10,100,2,0.1,allzero,pauli,TIMEOUT,300.09799885749817
10,100,2,0.2,allzero,comp,0.00058771110862329126853520550031842,9.648459672927856
10,100,2,0.2,allzero,pauli,TIMEOUT,300.1048176288605
10,100,2,0.3,allzero,comp,0.00025865984885222694356933865858159,2.7015230655670166
10,100,2,0.3,allzero,pauli,TIMEOUT,300.0907230377197
10,100,2,0.4,allzero,comp,0.00097535215361270108356403727815230,1.986194133758545
10,100,2,0.4,allzero,pauli,TIMEOUT,300.0508160591125
10,100,2,0.5,allzero,comp,0.00052428342441214446130251383201197,1.659498929977417
10,100,2,0.5,allzero,pauli,TIMEOUT,300.0737385749817
10,100,2,0.6,allzero,comp,0.00035610884911259028740481671437592,1.4533865451812744
10,100,2,0.6,allzero,pauli,TIMEOUT,300.10948491096497
10,100,2,0.7,allzero,comp,0.0010328978672168411224443352267579,1.5155956745147705
10,100,2,0.7,allzero,pauli,TIMEOUT,300.10933566093445
10,100,2,0.8,allzero,comp,0.0047565395438519283843999368519134,0.3696451187133789
10,100,2,0.8,allzero,pauli,TIMEOUT,300.1092586517334
10,100,2,0.9,allzero,comp,0.00083842760904384445412525044226312,0.0675516128540039
10,100,2,0.9,allzero,pauli,TIMEOUT,300.10934138298035
10,100,3,0.1,allzero,comp,0.00068029426700321523243990133455011,3.4908103942871094
10,100,3,0.1,allzero,pauli,TIMEOUT,300.1091222763061
10,100,3,0.2,allzero,comp,0.00093011293141991460357657197444616,3.307170152664185
10,100,3,0.2,allzero,pauli,TIMEOUT,300.0528688430786
10,100,3,0.3,allzero,comp,0.0026913814250643372348507641836510,2.7146525382995605
10,100,3,0.3,allzero,pauli,TIMEOUT,300.10844016075134
10,100,3,0.4,allzero,comp,0.0010408363466033871722412088748288,2.782851219177246
10,100,3,0.4,allzero,pauli,TIMEOUT,300.10718727111816
10,100,3,0.5,allzero,comp,0.00099514159832799508412353398022063,1.54587984085083
10,100,3,0.5,allzero,pauli,TIMEOUT,300.1082489490509
10,100,3,0.6,allzero,comp,0.00087134914133055900284061264842425,1.0103929042816162
10,100,3,0.6,allzero,pauli,TIMEOUT,300.1098630428314
10,100,3,0.7,allzero,comp,0.00097603795926162276324107794803799,0.5904040336608887
10,100,3,0.7,allzero,pauli,TIMEOUT,300.01866817474365
10,100,3,0.8,allzero,comp,0.000090424657579817427433835137035270,0.2601573467254638
10,100,3,0.8,allzero,pauli,TIMEOUT,300.10950779914856
10,100,3,0.9,allzero,comp,0.00024567421056195580076122379883622,0.0936481952667236
10,100,3,0.9,allzero,pauli,TIMEOUT,300.1102087497711
10,100,4,0.1,allzero,comp,0.00067297965589531470082884785611855,2.900908231735229
10,100,4,0.1,allzero,pauli,0.00067297965589531471338607948595723,256.6506989002228
10,100,4,0.2,allzero,comp,0.00028725577069504834941885065824124,2.697427034378052
10,100,4,0.2,allzero,pauli,TIMEOUT,300.1072850227356
10,100,4,0.3,allzero,comp,0.00026659887018782694514182709425314,2.265460968017578
10,100,4,0.3,allzero,pauli,TIMEOUT,300.05703830718994
10,100,4,0.4,allzero,comp,0.0030689161248755359911855880488854,2.0093789100646973
10,100,4,0.4,allzero,pauli,TIMEOUT,300.10848736763
10,100,4,0.5,allzero,comp,0.00029906840944998581022406751339665,1.363823413848877
10,100,4,0.5,allzero,pauli,TIMEOUT,300.1093804836273
10,100,4,0.6,allzero,comp,0.00085042528495946136404080918064228,1.2324283123016355
10,100,4,0.6,allzero,pauli,TIMEOUT,300.08961272239685
10,100,4,0.7,allzero,comp,0.0024398882877691956485542268472570,0.6894218921661377
10,100,4,0.7,allzero,pauli,TIMEOUT,300.0593178272248
10,100,4,0.8,allzero,comp,0.0013752580388214600494633920476634,0.4797933101654053
10,100,4,0.8,allzero,pauli,TIMEOUT,300.0662326812744
10,100,4,0.9,allzero,comp,0.00023464100434746900393354727662017,0.089301586151123
10,100,4,0.9,allzero,pauli,TIMEOUT,300.11004996299744
10,100,5,0.1,allzero,comp,0.0020684199344729043752959815977233,4.141594171524048
10,100,5,0.1,allzero,pauli,0.0020684199344729041654400436556216,248.8687279224396
10,100,5,0.2,allzero,comp,0.00042851441555826226992506545935654,4.612194299697876
10,100,5,0.2,allzero,pauli,TIMEOUT,300.1083598136902
10,100,5,0.3,allzero,comp,0.0022511384639496534818572292249728,3.379032611846924
10,100,5,0.3,allzero,pauli,TIMEOUT,300.07062673568726
10,100,5,0.4,allzero,comp,0.0012230045856473793903761287414153,3.600304365158081
10,100,5,0.4,allzero,pauli,TIMEOUT,300.10884523391724
10,100,5,0.5,allzero,comp,0.00099367801091522105143030160987841,2.2484538555145264
10,100,5,0.5,allzero,pauli,TIMEOUT,300.1081144809723
10,100,5,0.6,allzero,comp,0.0017504362801674335806982671943818,1.6878538131713867
10,100,5,0.6,allzero,pauli,TIMEOUT,300.06287479400635
10,100,5,0.7,allzero,comp,0.0013125132785211717413192631347818,1.82807207107544
10,100,5,0.7,allzero,pauli,TIMEOUT,300.10953164100647
10,100,5,0.8,allzero,comp,0.00051786294623022595288169576701120,0.4642465114593506
10,100,5,0.8,allzero,pauli,TIMEOUT,300.1101424694061
10,100,5,0.9,allzero,comp,0.0019702830862974145427695195882938,0.1388888359069824
10,100,5,0.9,allzero,pauli,TIMEOUT,300.0198509693146
10,100,6,0.1,allzero,comp,0.00041666323306472771751001342940354,3.241919040679932
10,100,6,0.1,allzero,pauli,0.00041666323306472767854999328385190,169.06747007369995
10,100,6,0.2,allzero,comp,0.00016681348199301543920828608505841,1.5793569087982178
10,100,6,0.2,allzero,pauli,TIMEOUT,300.1092207431793
10,100,6,0.3,allzero,comp,0.00016083689048904477076442391807444,1.5973560810089111
10,100,6,0.3,allzero,pauli,TIMEOUT,300.10831475257874
10,100,6,0.4,allzero,comp,0.0059595056102483743564691476059523,1.9123218059539795
10,100,6,0.4,allzero,pauli,TIMEOUT,300.0529410839081
10,100,6,0.5,allzero,comp,0.0019378084863929341914257222945324,1.1956522464752195
10,100,6,0.5,allzero,pauli,TIMEOUT,300.099675655365
10,100,6,0.6,allzero,comp,0.00041482062101063884180903011850177,1.6712405681610107
10,100,6,0.6,allzero,pauli,TIMEOUT,300.1091754436493
10,100,6,0.7,allzero,comp,0.0020127146929032217379628945248340,0.9455664157867432
10,100,6,0.7,allzero,pauli,TIMEOUT,300.1098346710205
10,100,6,0.8,allzero,comp,0.00059786110104294636269319255591086,0.3129105567932129
10,100,6,0.8,allzero,pauli,TIMEOUT,300.11093068122864
10,100,6,0.9,allzero,comp,0.00055845284458415535007687202921028,0.1283421516418457
10,100,6,0.9,allzero,pauli,TIMEOUT,300.11058497428894
10,100,7,0.1,allzero,comp,0.00014087005534576096448344181469264,1.545680284500122
10,100,7,0.1,allzero,pauli,0.00014087005534576095837524800646889,220.58763599395752
10,100,7,0.2,allzero,comp,0.0020139945093516233505570988279801,2.2871570587158203
10,100,7,0.2,allzero,pauli,TIMEOUT,300.0182538032532
10,100,7,0.3,allzero,comp,0.0015476601841299587632423286117598,2.025912046432495
10,100,7,0.3,allzero,pauli,TIMEOUT,300.0947093963623
10,100,7,0.4,allzero,comp,0.00011839879335411443357599821095371,2.094738721847534
10,100,7,0.4,allzero,pauli,TIMEOUT,300.1091935634613
10,100,7,0.5,allzero,comp,0.0011263870727967326773951730886669,1.3689687252044678
10,100,7,0.5,allzero,pauli,TIMEOUT,300.1086950302124
10,100,7,0.6,allzero,comp,0.00015066252649279868500672116435224,0.7396955490112305
10,100,7,0.6,allzero,pauli,TIMEOUT,300.1478786468506
10,100,7,0.7,allzero,comp,0.0018516782258448225301957748485343,0.8394534587860107
10,100,7,0.7,allzero,pauli,TIMEOUT,300.10979437828064
10,100,7,0.8,allzero,comp,0.00039630690400320076723070189400979,0.4786643981933594
10,100,7,0.8,allzero,pauli,TIMEOUT,300.1098327636719
10,100,7,0.9,allzero,comp,0.0032961028477072042790157657769398,0.2545511722564697
10,100,7,0.9,allzero,pauli,TIMEOUT,300.05673599243164
10,100,8,0.1,allzero,comp,0.00049636933363777429005247578802900,6.112292289733887
10,100,8,0.1,allzero,pauli,0.00049636933363777428589169726791397,158.17600417137146
10,100,8,0.2,allzero,comp,0.00041699316789325567198679050373826,3.102528810501098
10,100,8,0.2,allzero,pauli,TIMEOUT,300.108113527298
10,100,8,0.3,allzero,comp,0.00094766880855556166443890768615847,3.258473396301269
10,100,8,0.3,allzero,pauli,TIMEOUT,300.0897397994995
10,100,8,0.4,allzero,comp,0.00022356857038484232770607785449191,4.160411834716797
10,100,8,0.4,allzero,pauli,TIMEOUT,300.1031394004822
10,100,8,0.5,allzero,comp,0.0051373201881424216308618503537204,4.405741691589356
10,100,8,0.5,allzero,pauli,TIMEOUT,300.0300726890564
10,100,8,0.6,allzero,comp,0.0010356254846256063303035011316070,2.181232690811157
10,100,8,0.6,allzero,pauli,TIMEOUT,300.1097331047058
10,100,8,0.7,allzero,comp,0.0012809937568248810691084858399924,1.3330998420715332
10,100,8,0.7,allzero,pauli,TIMEOUT,300.0298361778259
10,100,8,0.8,allzero,comp,0.00033101318667201328587395328894849,0.678814172744751
10,100,8,0.8,allzero,pauli,TIMEOUT,300.1095039844513
10,100,8,0.9,allzero,comp,0.0017346208741359899832606507227440,0.1624462604522705
10,100,8,0.9,allzero,pauli,TIMEOUT,300.0841178894043
10,100,9,0.1,allzero,comp,0.0014459426952278548688526596991941,2.9206225872039795
10,100,9,0.1,allzero,pauli,0.0014459426952278550768810072568726,47.14260172843933
10,100,9,0.2,allzero,comp,0.0010592081451085193396217728915336,2.3421380519866943
10,100,9,0.2,allzero,pauli,TIMEOUT,300.0546853542328
10,100,9,0.3,allzero,comp,0.00084733850899812603114528725427580,2.4312779903411865
10,100,9,0.3,allzero,pauli,TIMEOUT,300.10796308517456
10,100,9,0.4,allzero,comp,0.0017461593989708841092960077635359,1.8435709476470947
10,100,9,0.4,allzero,pauli,TIMEOUT,300.0958480834961
10,100,9,0.5,allzero,comp,0.00020386142005712075832656019090399,1.5166373252868652
10,100,9,0.5,allzero,pauli,TIMEOUT,300.10858631134033
10,100,9,0.6,allzero,comp,0.0011879428179919924685295913519815,1.0430316925048828
10,100,9,0.6,allzero,pauli,TIMEOUT,300.1096265316009
10,100,9,0.7,allzero,comp,0.00050629051002276898001661317394101,0.8914546966552734
10,100,9,0.7,allzero,pauli,TIMEOUT,300.0234007835388
10,100,9,0.8,allzero,comp,0.000046016668050666180640978918984065,0.3955030441284179
10,100,9,0.8,allzero,pauli,TIMEOUT,300.1106834411621
10,100,9,0.9,allzero,comp,0.0015733869557762507003791221514178,0.1507086753845214
10,100,9,0.9,allzero,pauli,TIMEOUT,300.10149359703064
10,100,10,0.1,allzero,comp,0.00067806460287249746701966079673910,1.2691802978515625
10,100,10,0.1,allzero,pauli,TIMEOUT,300.1053478717804
10,100,10,0.2,allzero,comp,0.00013621325704630004751060574252799,1.350811243057251
10,100,10,0.2,allzero,pauli,TIMEOUT,300.02928829193115
10,100,10,0.3,allzero,comp,0.0010650905467333670480445072467892,1.145053148269653
10,100,10,0.3,allzero,pauli,TIMEOUT,300.10801124572754
10,100,10,0.4,allzero,comp,0.00053015337892100666527121319581920,1.0824077129364014
10,100,10,0.4,allzero,pauli,TIMEOUT,300.09672141075134
10,100,10,0.5,allzero,comp,0.0014739532522040707090238021227814,0.7879700660705566
10,100,10,0.5,allzero,pauli,TIMEOUT,300.0857744216919
10,100,10,0.6,allzero,comp,0.00055561148901021687559018289144373,0.9744157791137696
10,100,10,0.6,allzero,pauli,TIMEOUT,300.0651788711548
10,100,10,0.7,allzero,comp,0.00066807223608391502205815201891391,0.549079179763794
10,100,10,0.7,allzero,pauli,TIMEOUT,300.03753304481506
10,100,10,0.8,allzero,comp,0.0011763098853072662343081236063778,0.1967301368713379
10,100,10,0.8,allzero,pauli,TIMEOUT,300.10939741134644
10,100,10,0.9,allzero,comp,0.00074779013673139674091085556829016,0.0560488700866699
10,100,10,0.9,allzero,pauli,TIMEOUT,300.1055285930633
